date,product_id,impressions,video_views,live_stream_placements,exposure_score
2025-12-18,PRD0001,7836,3831,10,68.2
2025-12-25,PRD0001,7049,3364,8,58.7
2026-01-01,PRD0001,6871,3207,10,66.3
2026-01-08,PRD0001,7840,4305,13,77.7
2026-01-15,PRD0001,6580,2755,9,63.6
2026-01-22,PRD0001,6896,2929,15,73.9
2026-01-29,PRD0001,6578,2993,9,64.0
2026-02-05,PRD0001,6238,3364,10,58.3
2026-02-12,PRD0001,6698,2717,14,74.0
2026-02-19,PRD0001,7631,3214,13,79.7
2026-02-26,PRD0001,8193,4243,18,92.2
2026-03-05,PRD0001,7355,2910,10,69.0
2026-03-12,PRD0001,7080,2617,11,63.0
2026-03-19,PRD0001,7419,3390,15,81.9
2026-03-26,PRD0001,8333,3009,15,80.2
2026-04-02,PRD0001,6768,3369,13,71.0
2026-04-09,PRD0001,6744,3290,11,60.7
2026-04-16,PRD0001,7542,3472,9,63.4
2026-04-23,PRD0001,8027,2911,18,87.6
2026-04-30,PRD0001,6340,2507,12,65.4
2026-05-07,PRD0001,7224,3304,15,74.1
2026-05-14,PRD0001,7596,2957,10,64.5
2026-05-21,PRD0001,6640,3044,9,60.6
2026-05-28,PRD0001,7454,3476,16,74.9
2026-06-04,PRD0001,8149,4119,11,77.9
2026-06-11,PRD0001,7553,3332,9,69.3
2026-06-18,PRD0001,7525,3375,10,68.5
2026-06-25,PRD0001,7334,3962,11,73.0
2025-02-22,PRD0002,3331,1349,6,32.4
2025-03-01,PRD0002,3538,1929,8,38.5
2025-03-08,PRD0002,3407,1856,6,32.1
2025-03-15,PRD0002,3133,1367,4,30.0
2025-03-22,PRD0002,3541,1691,6,33.0
2025-03-29,PRD0002,3904,1962,5,35.1
2025-04-05,PRD0002,3408,1554,4,29.0
2025-04-12,PRD0002,3721,1727,5,32.1
2025-04-19,PRD0002,3890,1972,8,41.6
2025-04-26,PRD0002,3232,1749,7,35.5
2025-05-03,PRD0002,3915,1980,5,37.5
2025-05-10,PRD0002,3572,1861,5,31.2
2025-05-17,PRD0002,3423,1440,7,35.6
2025-05-24,PRD0002,3522,1509,5,34.0
2025-05-31,PRD0002,3499,1902,5,34.0
2025-06-07,PRD0002,4116,2072,5,37.7
2025-06-14,PRD0002,3288,1622,5,30.5
2025-06-21,PRD0002,3410,1732,5,32.2
2025-06-28,PRD0002,3278,1288,5,32.8
2025-07-05,PRD0002,3178,1266,5,30.3
2025-07-12,PRD0002,3842,1705,9,39.6
2025-07-19,PRD0002,3775,1840,8,40.1
2025-07-26,PRD0002,3365,1586,5,29.7
2025-08-02,PRD0002,3753,1520,6,38.4
2025-08-09,PRD0002,3182,1199,6,31.5
2025-08-16,PRD0002,3900,1687,5,33.2
2025-08-23,PRD0002,3385,1320,4,28.6
2025-08-30,PRD0002,3681,1849,5,33.8
2025-09-06,PRD0002,3377,1196,7,33.2
2025-09-13,PRD0002,3912,1925,6,39.1
2025-09-20,PRD0002,4040,1774,9,41.7
2025-09-27,PRD0002,3568,1577,5,33.8
2025-10-04,PRD0002,3823,1533,8,37.5
2025-10-11,PRD0002,3191,1379,5,30.4
2025-10-18,PRD0002,3114,1418,7,34.0
2025-10-25,PRD0002,3080,1347,3,25.9
2025-11-01,PRD0002,3925,1994,7,39.6
2025-11-08,PRD0002,3748,1862,7,40.8
2025-11-15,PRD0002,3906,1782,8,43.2
2025-11-22,PRD0002,3157,1687,6,34.7
2025-11-29,PRD0002,3875,1950,6,35.6
2025-12-06,PRD0002,3550,1867,7,37.6
2025-12-13,PRD0002,3141,1506,5,30.3
2025-12-20,PRD0002,3811,1959,6,33.8
2025-12-27,PRD0002,3683,1293,8,36.6
2026-01-03,PRD0002,3306,1439,4,28.0
2026-01-10,PRD0002,3791,1574,6,37.3
2026-01-17,PRD0002,3894,1810,6,39.2
2026-01-24,PRD0002,3999,1521,8,39.7
2026-01-31,PRD0002,3258,1157,6,34.6
2026-02-07,PRD0002,3905,1788,9,41.8
2026-02-14,PRD0002,3403,1347,4,29.0
2026-02-21,PRD0002,3521,1423,8,36.8
2026-02-28,PRD0002,3446,1300,7,35.7
2026-03-07,PRD0002,3964,1684,6,38.9
2026-03-14,PRD0002,3862,1645,6,36.2
2026-03-21,PRD0002,3284,1399,7,32.8
2026-03-28,PRD0002,3251,1731,6,30.9
2026-04-04,PRD0002,3880,1451,6,37.5
2026-04-11,PRD0002,3872,1600,5,37.5
2026-04-18,PRD0002,3927,1657,5,33.2
2026-04-25,PRD0002,3556,1249,7,36.2
2026-05-02,PRD0002,3989,1679,9,45.7
2026-05-09,PRD0002,3531,1834,5,35.2
2026-05-16,PRD0002,3153,1509,5,30.1
2026-05-23,PRD0002,4090,1656,8,41.0
2026-05-30,PRD0002,3214,1284,6,30.7
2026-06-06,PRD0002,3230,1579,6,30.5
2026-06-13,PRD0002,3929,2055,7,38.4
2026-06-20,PRD0002,3510,1339,4,32.7
2026-06-27,PRD0002,4105,2045,8,40.2
2025-05-14,PRD0003,8523,3169,11,76.8
2025-05-21,PRD0003,7207,3423,16,75.2
2025-05-28,PRD0003,7242,3669,11,72.6
2025-06-04,PRD0003,6583,3452,15,67.0
2025-06-11,PRD0003,7370,3461,13,69.4
2025-06-18,PRD0003,6539,3461,8,62.5
2025-06-25,PRD0003,6763,3010,16,79.3
2025-07-02,PRD0003,7737,2915,14,79.2
2025-07-09,PRD0003,7220,3204,16,73.7
2025-07-16,PRD0003,8012,3390,15,84.0
2025-07-23,PRD0003,7602,3799,16,76.8
2025-07-30,PRD0003,7008,2634,16,73.5
2025-08-06,PRD0003,6693,2469,11,68.8
2025-08-13,PRD0003,6746,2666,9,62.9
2025-08-20,PRD0003,7259,3954,14,74.7
2025-08-27,PRD0003,7830,4124,16,77.4
2025-09-03,PRD0003,7473,3603,14,80.9
2025-09-10,PRD0003,6583,3496,10,58.0
2025-09-17,PRD0003,6959,2689,9,58.3
2025-09-24,PRD0003,8329,3184,13,80.4
2025-10-01,PRD0003,7615,3189,14,80.5
2025-10-08,PRD0003,7830,3448,11,73.7
2025-10-15,PRD0003,7758,2898,11,74.8
2025-10-22,PRD0003,8626,3600,19,89.6
2025-10-29,PRD0003,8357,3739,15,85.7
2025-11-05,PRD0003,8038,3363,14,74.2
2025-11-12,PRD0003,7344,3513,17,76.2
2025-11-19,PRD0003,7026,3101,9,63.7
2025-11-26,PRD0003,7183,3768,11,67.5
2025-12-03,PRD0003,8764,3212,19,94.1
2025-12-10,PRD0003,7417,3992,17,77.5
2025-12-17,PRD0003,8433,3325,10,77.0
2025-12-24,PRD0003,7317,3440,10,70.8
2025-12-31,PRD0003,7710,3932,12,70.5
2026-01-07,PRD0003,8679,3959,14,78.6
2026-01-14,PRD0003,6885,3283,13,73.8
2026-01-21,PRD0003,8229,3130,19,92.1
2026-01-28,PRD0003,8475,3438,19,98.5
2026-02-04,PRD0003,7185,3809,17,84.7
2026-02-11,PRD0003,7579,2858,17,76.1
2026-02-18,PRD0003,7082,3265,11,71.9
2026-02-25,PRD0003,7912,4287,10,70.0
2026-03-04,PRD0003,6835,3516,14,75.1
2026-03-11,PRD0003,8688,3462,18,93.6
2026-03-18,PRD0003,7402,2876,16,74.1
2026-03-25,PRD0003,8716,3532,19,88.3
2026-04-01,PRD0003,8203,4420,11,74.1
2026-04-08,PRD0003,8048,4041,9,65.7
2026-04-15,PRD0003,7219,2674,14,73.9
2026-04-22,PRD0003,8021,3286,10,74.3
2026-04-29,PRD0003,7548,2748,17,87.4
2026-05-06,PRD0003,7288,2947,17,79.1
2026-05-13,PRD0003,8550,3185,15,85.9
2026-05-20,PRD0003,8516,4158,18,94.1
2026-05-27,PRD0003,7020,2601,16,78.1
2026-06-03,PRD0003,7880,3329,17,86.5
2026-06-10,PRD0003,8426,4572,14,83.8
2026-06-17,PRD0003,8491,3447,17,85.3
2026-06-24,PRD0003,7082,3197,12,73.0
2025-04-14,PRD0004,5227,1935,11,53.2
2025-04-21,PRD0004,5965,2792,11,56.6
2025-04-28,PRD0004,6478,3185,12,68.9
2025-05-05,PRD0004,5752,2610,13,61.6
2025-05-12,PRD0004,6157,2881,13,69.9
2025-05-19,PRD0004,6110,2282,12,61.8
2025-05-26,PRD0004,6284,3335,10,59.4
2025-06-02,PRD0004,6412,2689,13,70.7
2025-06-09,PRD0004,6106,2775,14,70.2
2025-06-16,PRD0004,6204,3136,12,59.1
2025-06-23,PRD0004,6094,2162,14,62.8
2025-06-30,PRD0004,6729,3434,13,72.8
2025-07-07,PRD0004,5990,2508,12,59.9
2025-07-14,PRD0004,4380,1934,8,42.5
2025-07-21,PRD0004,4383,2209,6,39.1
2025-07-28,PRD0004,4236,2173,6,41.4
2025-08-04,PRD0004,4225,2103,6,37.5
2025-08-11,PRD0004,3413,1687,4,29.1
2025-08-18,PRD0004,3266,1393,2,25.9
2025-08-25,PRD0004,3625,1918,4,33.6
2025-09-01,PRD0004,2697,1257,3,24.1
2025-09-08,PRD0004,3069,1404,2,24.6
2025-09-15,PRD0004,2280,1070,2,18.4
2025-09-22,PRD0004,2534,1156,1,19.6
2025-09-29,PRD0004,2452,1257,2,19.2
2025-10-06,PRD0004,1762,968,1,12.5
2025-10-13,PRD0004,1974,798,1,15.5
2025-10-20,PRD0004,1665,657,0,10.3
2025-10-27,PRD0004,1499,530,0,10.3
2025-11-03,PRD0004,1525,707,0,10.4
2025-11-10,PRD0004,1457,768,0,9.8
2025-11-17,PRD0004,1514,773,0,9.6
2025-11-24,PRD0004,1427,590,0,9.9
2025-12-01,PRD0004,1270,695,0,8.3
2025-12-08,PRD0004,1190,603,0,7.7
2025-12-15,PRD0004,1044,491,0,7.0
2025-12-22,PRD0004,912,498,0,6.0
2025-12-29,PRD0004,928,417,0,6.5
2026-01-05,PRD0004,912,421,0,5.8
2026-01-12,PRD0004,801,389,0,5.4
2026-01-19,PRD0004,1016,503,0,6.6
2026-01-26,PRD0004,1015,555,0,6.5
2026-02-02,PRD0004,943,392,0,6.5
2026-02-09,PRD0004,800,366,0,5.1
2026-02-16,PRD0004,925,455,0,5.7
2026-02-23,PRD0004,926,422,0,6.2
2026-03-02,PRD0004,923,463,0,5.7
2026-03-09,PRD0004,894,334,0,6.2
2026-03-16,PRD0004,1016,434,0,6.8
2026-03-23,PRD0004,854,315,0,5.7
2026-03-30,PRD0004,896,346,0,5.6
2026-04-06,PRD0004,932,389,0,6.1
2026-04-13,PRD0004,924,504,0,5.9
2026-04-20,PRD0004,1020,464,0,6.5
2026-04-27,PRD0004,1005,464,0,7.0
2026-05-04,PRD0004,928,358,0,5.9
2026-05-11,PRD0004,1007,473,0,6.9
2026-05-18,PRD0004,998,384,0,6.8
2026-05-25,PRD0004,772,353,0,5.4
2026-06-01,PRD0004,845,345,0,5.2
2026-06-08,PRD0004,1003,450,0,7.0
2026-06-15,PRD0004,1013,542,0,6.5
2026-06-22,PRD0004,793,365,0,5.0
2026-06-29,PRD0004,981,380,0,6.2
2026-01-14,PRD0005,5116,2733,11,58.2
2026-01-21,PRD0005,4831,2501,6,43.2
2026-01-28,PRD0005,4771,1975,8,47.1
2026-02-04,PRD0005,4591,1968,8,43.4
2026-02-11,PRD0005,4302,1891,6,42.4
2026-02-18,PRD0005,4447,1943,5,35.8
2026-02-25,PRD0005,4008,1852,7,38.5
2026-03-04,PRD0005,5219,2631,11,57.1
2026-03-11,PRD0005,4585,1642,10,47.8
2026-03-18,PRD0005,4667,2473,8,46.9
2026-03-25,PRD0005,4874,2226,6,42.1
2026-04-01,PRD0005,4122,2237,5,38.4
2026-04-08,PRD0005,5057,2516,9,47.9
2026-04-15,PRD0005,4371,2141,10,45.0
2026-04-22,PRD0005,5161,2727,10,49.6
2026-04-29,PRD0005,4143,1621,8,39.4
2026-05-06,PRD0005,5123,2004,10,56.2
2026-05-13,PRD0005,3872,1541,8,42.8
2026-05-20,PRD0005,5208,2850,11,54.2
2026-05-27,PRD0005,5008,1797,6,42.5
2026-06-03,PRD0005,4777,2514,8,47.2
2026-06-10,PRD0005,5044,2397,7,49.1
2026-06-17,PRD0005,4870,1970,9,48.6
2026-06-24,PRD0005,4430,1796,10,50.6
2026-05-22,PRD0006,4662,2277,5,41.7
2026-05-29,PRD0006,5242,1908,5,41.5
2026-06-05,PRD0006,4088,1869,4,35.6
2026-06-12,PRD0006,4789,2341,5,39.5
2026-06-19,PRD0006,3974,1995,4,35.6
2026-06-26,PRD0006,3419,1775,3,28.2
2025-06-01,PRD0007,7947,2955,11,76.9
2025-06-08,PRD0007,7262,3649,15,73.4
2025-06-15,PRD0007,8299,3631,11,76.5
2025-06-22,PRD0007,6917,3712,14,68.8
2025-06-29,PRD0007,7325,3029,13,78.0
2025-07-06,PRD0007,8381,4478,12,74.3
2025-07-13,PRD0007,6705,2552,8,55.2
2025-07-20,PRD0007,5735,2761,7,53.8
2025-07-27,PRD0007,5273,2402,7,45.3
2025-08-03,PRD0007,4741,2308,5,40.8
2025-08-10,PRD0007,4617,2477,4,35.7
2025-08-17,PRD0007,4273,1821,4,37.3
2025-08-24,PRD0007,3892,1536,4,33.4
2025-08-31,PRD0007,4151,2209,4,35.6
2025-09-07,PRD0007,3770,1658,3,31.2
2025-09-14,PRD0007,3254,1781,2,26.7
2025-09-21,PRD0007,3137,1323,1,22.8
2025-09-28,PRD0007,3221,1770,2,24.3
2025-10-05,PRD0007,2780,1053,1,20.7
2025-10-12,PRD0007,2180,938,1,15.8
2025-10-19,PRD0007,2217,961,1,16.2
2025-10-26,PRD0007,2011,834,0,13.5
2025-11-02,PRD0007,1750,679,0,12.0
2025-11-09,PRD0007,1861,986,0,12.6
2025-11-16,PRD0007,1733,680,0,10.6
2025-11-23,PRD0007,1467,757,0,9.7
2025-11-30,PRD0007,1289,593,0,8.2
2025-12-07,PRD0007,1186,520,0,7.6
2025-12-14,PRD0007,1149,573,0,7.1
2025-12-21,PRD0007,1305,508,0,8.4
2025-12-28,PRD0007,1069,573,0,7.4
2026-01-04,PRD0007,1288,676,0,8.7
2026-01-11,PRD0007,1025,535,0,7.0
2026-01-18,PRD0007,1348,526,0,8.4
2026-01-25,PRD0007,1153,613,0,7.9
2026-02-01,PRD0007,1276,520,0,8.4
2026-02-08,PRD0007,1077,466,0,7.1
2026-02-15,PRD0007,1222,542,0,8.2
2026-02-22,PRD0007,1375,663,0,8.9
2026-03-01,PRD0007,1071,456,0,6.6
2026-03-08,PRD0007,1271,652,0,8.4
2026-03-15,PRD0007,1345,731,0,8.8
2026-03-22,PRD0007,1379,727,0,8.5
2026-03-29,PRD0007,1164,442,0,7.9
2026-04-05,PRD0007,1369,566,0,9.5
2026-04-12,PRD0007,1240,632,0,8.5
2026-04-19,PRD0007,1083,563,0,6.8
2026-04-26,PRD0007,1353,606,0,8.2
2026-05-03,PRD0007,1133,498,0,6.8
2026-05-10,PRD0007,1297,572,0,8.5
2026-05-17,PRD0007,1375,652,0,8.3
2026-05-24,PRD0007,1349,574,0,9.0
2026-05-31,PRD0007,1143,583,0,7.8
2026-06-07,PRD0007,1146,617,0,7.5
2026-06-14,PRD0007,1119,596,0,6.8
2026-06-21,PRD0007,1137,513,0,7.7
2026-06-28,PRD0007,1061,387,0,6.5
2025-08-31,PRD0008,5590,1967,6,50.3
2025-09-07,PRD0008,4968,1894,8,50.6
2025-09-14,PRD0008,4950,2510,5,39.5
2025-09-21,PRD0008,3816,1904,3,28.7
2025-09-28,PRD0008,3417,1736,3,26.1
2025-10-05,PRD0008,3436,1566,4,28.7
2025-10-12,PRD0008,3595,1392,3,30.0
2025-10-19,PRD0008,2880,1114,2,21.5
2025-10-26,PRD0008,2701,1238,3,24.1
2025-11-02,PRD0008,2487,963,2,21.6
2025-11-09,PRD0008,2697,1263,2,21.5
2025-11-16,PRD0008,2325,1197,2,19.1
2025-11-23,PRD0008,2547,1019,2,19.1
2025-11-30,PRD0008,1924,955,1,15.2
2025-12-07,PRD0008,1971,972,0,13.3
2025-12-14,PRD0008,1697,904,0,11.3
2025-12-21,PRD0008,1352,544,0,8.7
2025-12-28,PRD0008,1460,656,0,9.2
2026-01-04,PRD0008,1279,597,0,8.1
2026-01-11,PRD0008,1293,691,0,9.0
2026-01-18,PRD0008,1359,598,0,9.2
2026-01-25,PRD0008,962,363,0,6.7
2026-02-01,PRD0008,1021,360,0,6.8
2026-02-08,PRD0008,985,380,0,6.3
2026-02-15,PRD0008,829,293,0,5.2
2026-02-22,PRD0008,846,334,0,5.7
2026-03-01,PRD0008,905,345,0,5.5
2026-03-08,PRD0008,694,287,0,4.4
2026-03-15,PRD0008,904,461,0,5.4
2026-03-22,PRD0008,716,340,0,4.6
2026-03-29,PRD0008,709,288,0,4.8
2026-04-05,PRD0008,767,417,0,4.9
2026-04-12,PRD0008,728,302,0,5.0
2026-04-19,PRD0008,898,488,0,5.9
2026-04-26,PRD0008,758,294,0,4.8
2026-05-03,PRD0008,911,360,0,5.7
2026-05-10,PRD0008,795,352,0,5.2
2026-05-17,PRD0008,858,407,0,5.6
2026-05-24,PRD0008,892,483,0,5.8
2026-05-31,PRD0008,868,351,0,5.9
2026-06-07,PRD0008,737,351,0,5.0
2026-06-14,PRD0008,713,288,0,5.0
2026-06-21,PRD0008,807,415,0,5.6
2026-06-28,PRD0008,707,351,0,4.4
2025-12-07,PRD0009,9473,3850,20,99.4
2025-12-14,PRD0009,9524,3354,14,84.3
2025-12-21,PRD0009,7455,3580,15,72.7
2025-12-28,PRD0009,8602,4575,11,78.9
2026-01-04,PRD0009,8838,4142,18,87.0
2026-01-11,PRD0009,8103,3283,16,83.3
2026-01-18,PRD0009,7814,2935,18,80.9
2026-01-25,PRD0009,9653,4445,15,89.4
2026-02-01,PRD0009,9269,4263,18,97.5
2026-02-08,PRD0009,8421,3497,18,83.4
2026-02-15,PRD0009,8127,3763,15,86.9
2026-02-22,PRD0009,7535,3718,10,63.9
2026-03-01,PRD0009,7566,2877,13,79.6
2026-03-08,PRD0009,8002,4008,18,84.9
2026-03-15,PRD0009,8466,4234,15,84.9
2026-03-22,PRD0009,8758,4189,14,79.8
2026-03-29,PRD0009,9536,4890,16,87.7
2026-04-05,PRD0009,9767,3927,14,92.8
2026-04-12,PRD0009,8844,3188,19,90.5
2026-04-19,PRD0009,7500,2953,11,66.4
2026-04-26,PRD0009,9660,4348,15,95.7
2026-05-03,PRD0009,9138,3233,19,96.3
2026-05-10,PRD0009,9136,4471,16,84.2
2026-05-17,PRD0009,8927,3497,16,82.5
2026-05-24,PRD0009,9220,4299,15,94.6
2026-05-31,PRD0009,7818,3069,14,83.1
2026-06-07,PRD0009,9331,3791,17,94.0
2026-06-14,PRD0009,7806,3046,15,78.0
2026-06-21,PRD0009,8242,3313,11,72.5
2026-06-28,PRD0009,7465,3513,14,76.0
2025-04-21,PRD0010,8637,3342,10,79.2
2025-04-28,PRD0010,9536,5004,13,88.3
2025-05-05,PRD0010,9548,4932,19,100.0
2025-05-12,PRD0010,9736,4110,12,88.4
2025-05-19,PRD0010,9067,4777,13,84.4
2025-05-26,PRD0010,8382,3296,11,74.0
2025-06-02,PRD0010,8887,4390,18,92.3
2025-06-09,PRD0010,8597,4305,19,92.6
2025-06-16,PRD0010,9146,4655,18,100.0
2025-06-23,PRD0010,7762,2883,9,63.1
2025-06-30,PRD0010,7689,2708,11,65.9
2025-07-07,PRD0010,8742,4333,20,89.9
2025-07-14,PRD0010,8537,4090,20,98.0
2025-07-21,PRD0010,8549,3470,16,84.1
2025-07-28,PRD0010,7648,2860,10,68.8
2025-08-04,PRD0010,10041,5488,23,100.0
2025-08-11,PRD0010,9253,5001,19,100.0
2025-08-18,PRD0010,10041,3864,13,93.8
2025-08-25,PRD0010,8769,4623,17,87.0
2025-09-01,PRD0010,7615,3523,9,69.0
2025-09-08,PRD0010,8130,3491,13,72.6
2025-09-15,PRD0010,8708,3858,12,74.0
2025-09-22,PRD0010,9948,4788,23,100.0
2025-09-29,PRD0010,9448,4665,13,83.7
2025-10-06,PRD0010,9345,5070,13,88.6
2025-10-13,PRD0010,9716,5335,12,87.4
2025-10-20,PRD0010,9841,4544,20,100.0
2025-10-27,PRD0010,9463,4717,14,83.2
2025-11-03,PRD0010,8535,4388,15,83.1
2025-11-10,PRD0010,9960,4932,18,97.1
2025-11-17,PRD0010,9260,3994,17,91.5
2025-11-24,PRD0010,10178,5124,14,95.9
2025-12-01,PRD0010,9927,4816,16,100.0
2025-12-08,PRD0010,7786,3119,10,74.7
2025-12-15,PRD0010,9276,4082,17,96.0
2025-12-22,PRD0010,9928,4156,22,100.0
2025-12-29,PRD0010,7942,3322,15,83.9
2026-01-05,PRD0010,9825,4566,23,100.0
2026-01-12,PRD0010,9754,4187,21,100.0
2026-01-19,PRD0010,10197,4678,18,100.0
2026-01-26,PRD0010,8234,3788,19,93.9
2026-02-02,PRD0010,9379,4760,16,89.7
2026-02-09,PRD0010,9786,4155,22,100.0
2026-02-16,PRD0010,9740,3835,15,91.2
2026-02-23,PRD0010,9559,3549,18,96.5
2026-03-02,PRD0010,9780,5174,13,82.1
2026-03-09,PRD0010,9671,4360,12,81.5
2026-03-16,PRD0010,7748,4184,11,70.8
2026-03-23,PRD0010,9756,4472,12,91.0
2026-03-30,PRD0010,7618,2713,10,65.7
2026-04-06,PRD0010,9625,3506,14,96.1
2026-04-13,PRD0010,8680,3658,14,86.3
2026-04-20,PRD0010,8356,3572,12,76.9
2026-04-27,PRD0010,9128,4068,17,86.0
2026-05-04,PRD0010,8865,3158,14,78.8
2026-05-11,PRD0010,9424,4921,15,91.0
2026-05-18,PRD0010,7817,3812,15,78.2
2026-05-25,PRD0010,10145,4545,12,83.0
2026-06-01,PRD0010,8855,4703,15,87.4
2026-06-08,PRD0010,7776,3847,16,87.1
2026-06-15,PRD0010,8768,4382,13,88.5
2026-06-22,PRD0010,7647,3150,16,85.3
2026-06-29,PRD0010,8133,3514,9,66.4
2026-04-17,PRD0011,1790,806,3,18.0
2026-04-24,PRD0011,1895,911,2,16.4
2026-05-01,PRD0011,1578,837,2,13.4
2026-05-08,PRD0011,1378,512,1,11.5
2026-05-15,PRD0011,1319,463,1,11.0
2026-05-22,PRD0011,1367,490,1,10.6
2026-05-29,PRD0011,1312,519,1,10.8
2026-06-05,PRD0011,999,377,1,9.0
2026-06-12,PRD0011,1040,440,1,8.1
2026-06-19,PRD0011,1045,498,0,6.8
2026-06-26,PRD0011,921,400,0,5.8
2026-02-13,PRD0012,3016,1271,5,31.2
2026-02-20,PRD0012,2983,1566,4,25.8
2026-02-27,PRD0012,2715,1311,4,27.4
2026-03-06,PRD0012,2557,1029,3,23.5
2026-03-13,PRD0012,2408,1041,4,22.5
2026-03-20,PRD0012,2377,895,4,21.5
2026-03-27,PRD0012,2308,1171,3,21.4
2026-04-03,PRD0012,2727,959,6,27.8
2026-04-10,PRD0012,2994,1563,6,29.7
2026-04-17,PRD0012,2638,1175,3,22.6
2026-04-24,PRD0012,2765,1267,5,26.2
2026-05-01,PRD0012,2361,1067,5,23.4
2026-05-08,PRD0012,2669,1461,5,26.0
2026-05-15,PRD0012,2861,1481,4,25.3
2026-05-22,PRD0012,2469,893,4,25.2
2026-05-29,PRD0012,2882,1024,5,30.4
2026-06-05,PRD0012,2571,1211,5,27.5
2026-06-12,PRD0012,2361,1116,5,26.6
2026-06-19,PRD0012,2775,1390,3,24.3
2026-06-26,PRD0012,2489,1255,4,22.2
2025-12-06,PRD0013,8142,4115,16,78.2
2025-12-13,PRD0013,6570,3153,13,66.4
2025-12-20,PRD0013,6893,3679,12,67.9
2025-12-27,PRD0013,6689,3464,9,61.6
2026-01-03,PRD0013,6016,3051,5,47.6
2026-01-10,PRD0013,6285,2869,8,52.7
2026-01-17,PRD0013,5830,3060,7,49.4
2026-01-24,PRD0013,4669,1857,4,40.9
2026-01-31,PRD0013,4270,2071,3,34.1
2026-02-07,PRD0013,3829,1809,4,34.2
2026-02-14,PRD0013,3606,1756,3,29.5
2026-02-21,PRD0013,3587,1628,2,28.1
2026-02-28,PRD0013,3075,1444,2,23.3
2026-03-07,PRD0013,3467,1473,2,27.3
2026-03-14,PRD0013,2995,1252,1,20.0
2026-03-21,PRD0013,2650,1219,1,17.9
2026-03-28,PRD0013,2419,1086,1,17.8
2026-04-04,PRD0013,2486,1079,1,19.5
2026-04-11,PRD0013,2316,860,1,16.5
2026-04-18,PRD0013,1872,939,1,13.1
2026-04-25,PRD0013,1684,769,0,10.3
2026-05-02,PRD0013,1761,630,0,10.7
2026-05-09,PRD0013,1868,922,0,11.7
2026-05-16,PRD0013,1539,770,0,9.8
2026-05-23,PRD0013,1169,545,0,7.2
2026-05-30,PRD0013,1261,577,0,7.8
2026-06-06,PRD0013,1274,694,0,7.8
2026-06-13,PRD0013,1197,476,0,8.2
2026-06-20,PRD0013,1151,403,0,7.4
2026-06-27,PRD0013,1361,597,0,9.3
2025-09-29,PRD0014,4378,1921,6,42.6
2025-10-06,PRD0014,4975,2488,6,45.8
2025-10-13,PRD0014,4103,1988,7,42.6
2025-10-20,PRD0014,4288,1518,7,40.8
2025-10-27,PRD0014,4423,1729,6,37.8
2025-11-03,PRD0014,4957,2412,6,43.3
2025-11-10,PRD0014,4121,1733,6,39.8
2025-11-17,PRD0014,5040,2146,11,58.1
2025-11-24,PRD0014,4753,2199,9,45.2
2025-12-01,PRD0014,4789,1697,9,47.6
2025-12-08,PRD0014,3854,1685,6,36.3
2025-12-15,PRD0014,4417,1853,6,43.0
2025-12-22,PRD0014,4177,1594,6,39.4
2025-12-29,PRD0014,4525,2064,6,38.2
2026-01-05,PRD0014,4341,1561,6,41.2
2026-01-12,PRD0014,4041,1911,7,38.4
2026-01-19,PRD0014,4536,1819,6,38.9
2026-01-26,PRD0014,4415,2314,6,39.8
2026-02-02,PRD0014,4051,1471,9,44.7
2026-02-09,PRD0014,4600,2330,10,52.2
2026-02-16,PRD0014,4827,1967,8,46.4
2026-02-23,PRD0014,4053,1432,9,44.6
2026-03-02,PRD0014,3930,1982,5,36.8
2026-03-09,PRD0014,4547,2299,8,44.2
2026-03-16,PRD0014,4068,1857,5,37.8
2026-03-23,PRD0014,4266,1639,6,41.3
2026-03-30,PRD0014,4503,2381,7,40.7
2026-04-06,PRD0014,4460,2316,6,41.4
2026-04-13,PRD0014,4322,2189,7,41.5
2026-04-20,PRD0014,4785,2357,6,43.5
2026-04-27,PRD0014,3883,2122,5,33.8
2026-05-04,PRD0014,4541,2034,9,47.4
2026-05-11,PRD0014,4807,2536,8,47.9
2026-05-18,PRD0014,4528,2296,8,47.4
2026-05-25,PRD0014,4373,1750,10,45.5
2026-06-01,PRD0014,4985,1870,6,41.2
2026-06-08,PRD0014,5170,2680,6,48.1
2026-06-15,PRD0014,4343,1780,5,37.9
2026-06-22,PRD0014,4840,1902,10,52.9
2026-06-29,PRD0014,4434,2075,9,43.8
2025-04-29,PRD0015,8438,3193,19,97.6
2025-05-06,PRD0015,8063,3465,16,82.0
2025-05-13,PRD0015,7937,2984,18,83.3
2025-05-20,PRD0015,7782,3719,10,68.7
2025-05-27,PRD0015,8318,4424,18,94.3
2025-06-03,PRD0015,7606,3109,16,81.3
2025-06-10,PRD0015,7508,4101,16,74.7
2025-06-17,PRD0015,8268,3406,14,74.9
2025-06-24,PRD0015,7667,3824,14,71.9
2025-07-01,PRD0015,8733,4158,14,83.4
2025-07-08,PRD0015,8275,3910,13,77.0
2025-07-15,PRD0015,8364,4267,15,88.5
2025-07-22,PRD0015,9384,4097,17,96.6
2025-07-29,PRD0015,8834,4415,15,93.3
2025-08-05,PRD0015,7803,4018,12,76.6
2025-08-12,PRD0015,9313,4442,12,87.3
2025-08-19,PRD0015,7915,3746,12,71.6
2025-08-26,PRD0015,7517,2649,10,67.5
2025-09-02,PRD0015,7908,4032,17,83.6
2025-09-09,PRD0015,8887,4870,12,87.3
2025-09-16,PRD0015,7829,2798,16,85.7
2025-09-23,PRD0015,7975,4250,11,75.2
2025-09-30,PRD0015,7701,3726,16,79.3
2025-10-07,PRD0015,9304,3948,16,98.1
2025-10-14,PRD0015,8910,4094,20,100.0
2025-10-21,PRD0015,9052,3759,12,84.5
2025-10-28,PRD0015,9274,4210,14,88.8
2025-11-04,PRD0015,9745,3851,11,84.6
2025-11-11,PRD0015,8260,3731,14,83.8
2025-11-18,PRD0015,8460,4571,13,84.8
2025-11-25,PRD0015,7680,2915,11,74.5
2025-12-02,PRD0015,9703,3878,22,100.0
2025-12-09,PRD0015,9224,4161,15,87.8
2025-12-16,PRD0015,8882,3639,13,84.7
2025-12-23,PRD0015,9880,4767,21,100.0
2025-12-30,PRD0015,7551,3255,12,71.5
2026-01-06,PRD0015,9958,4150,16,93.1
2026-01-13,PRD0015,8673,4766,20,93.9
2026-01-20,PRD0015,7961,3471,11,70.3
2026-01-27,PRD0015,7852,3687,14,82.6
2026-02-03,PRD0015,6544,3255,7,55.6
2026-02-10,PRD0015,8066,4103,13,73.6
2026-02-17,PRD0015,6389,2277,7,58.1
2026-02-24,PRD0015,6823,3343,9,58.0
2026-03-03,PRD0015,5202,1924,7,44.4
2026-03-10,PRD0015,4231,2261,5,39.5
2026-03-17,PRD0015,4712,1901,3,38.4
2026-03-24,PRD0015,4418,1668,3,36.4
2026-03-31,PRD0015,4209,1906,3,31.8
2026-04-07,PRD0015,3450,1441,1,24.3
2026-04-14,PRD0015,3752,1543,2,29.7
2026-04-21,PRD0015,3452,1756,2,27.0
2026-04-28,PRD0015,2757,1352,1,18.5
2026-05-05,PRD0015,2376,1305,0,16.0
2026-05-12,PRD0015,2314,957,0,15.0
2026-05-19,PRD0015,2543,1229,1,19.1
2026-05-26,PRD0015,2198,1163,1,15.9
2026-06-02,PRD0015,1821,655,0,12.4
2026-06-09,PRD0015,1929,853,0,13.1
2026-06-16,PRD0015,1653,848,0,11.1
2026-06-23,PRD0015,1794,897,0,11.1
2026-06-30,PRD0015,1350,540,0,9.3
2025-07-21,PRD0016,2145,768,2,17.9
2025-07-28,PRD0016,2254,914,3,19.5
2025-08-04,PRD0016,1945,684,3,18.0
2025-08-11,PRD0016,2335,974,3,21.9
2025-08-18,PRD0016,2575,1005,3,23.2
2025-08-25,PRD0016,2500,1247,3,21.7
2025-09-01,PRD0016,2277,1065,5,23.4
2025-09-08,PRD0016,2440,1210,3,23.3
2025-09-15,PRD0016,2319,946,5,24.7
2025-09-22,PRD0016,2112,746,4,23.1
2025-09-29,PRD0016,1961,1011,3,18.5
2025-10-06,PRD0016,2518,1169,5,27.5
2025-10-13,PRD0016,2070,834,4,22.4
2025-10-20,PRD0016,2472,1195,4,23.5
2025-10-27,PRD0016,1922,760,2,17.2
2025-11-03,PRD0016,2081,729,2,16.3
2025-11-10,PRD0016,2463,1125,5,27.5
2025-11-17,PRD0016,1930,1010,4,21.2
2025-11-24,PRD0016,2453,1235,4,23.7
2025-12-01,PRD0016,2312,1056,4,23.8
2025-12-08,PRD0016,2498,1336,4,24.9
2025-12-15,PRD0016,2039,981,2,17.0
2025-12-22,PRD0016,2142,854,3,18.6
2025-12-29,PRD0016,2550,1265,3,21.7
2026-01-05,PRD0016,2093,800,3,20.1
2026-01-12,PRD0016,2164,1088,3,21.4
2026-01-19,PRD0016,2387,1140,3,20.2
2026-01-26,PRD0016,2001,1075,4,19.4
2026-02-02,PRD0016,2441,1224,3,20.6
2026-02-09,PRD0016,2437,1017,4,24.9
2026-02-16,PRD0016,2281,1031,4,23.0
2026-02-23,PRD0016,2451,1032,3,20.7
2026-03-02,PRD0016,2465,1131,3,20.3
2026-03-09,PRD0016,2538,1296,5,24.6
2026-03-16,PRD0016,1962,743,2,17.5
2026-03-23,PRD0016,2281,1016,5,25.1
2026-03-30,PRD0016,1939,1009,4,20.2
2026-04-06,PRD0016,2466,1245,4,22.6
2026-04-13,PRD0016,2340,1045,4,23.7
2026-04-20,PRD0016,2580,1287,5,28.3
2026-04-27,PRD0016,2448,1129,4,23.1
2026-05-04,PRD0016,2169,1149,2,17.1
2026-05-11,PRD0016,2306,814,4,22.3
2026-05-18,PRD0016,2148,1073,2,17.4
2026-05-25,PRD0016,2233,841,2,18.5
2026-06-01,PRD0016,2438,1142,4,23.8
2026-06-08,PRD0016,2292,1151,3,21.7
2026-06-15,PRD0016,2451,1170,3,21.9
2026-06-22,PRD0016,2207,789,2,19.5
2026-06-29,PRD0016,2369,1302,4,24.3
2025-05-08,PRD0017,8332,4332,19,97.9
2025-05-15,PRD0017,8554,3846,17,87.5
2025-05-22,PRD0017,7651,3114,10,64.9
2025-05-29,PRD0017,7948,3616,15,75.9
2025-06-05,PRD0017,7884,4296,16,80.1
2025-06-12,PRD0017,7912,3681,15,75.5
2025-06-19,PRD0017,7712,3179,16,84.5
2025-06-26,PRD0017,10023,3667,20,100.0
2025-07-03,PRD0017,9909,4550,22,100.0
2025-07-10,PRD0017,7849,3380,18,83.6
2025-07-17,PRD0017,9930,3660,15,97.3
2025-07-24,PRD0017,7947,2931,18,80.1
2025-07-31,PRD0017,9966,3572,21,100.0
2025-08-07,PRD0017,7867,3003,18,91.5
2025-08-14,PRD0017,8243,3435,11,79.9
2025-08-21,PRD0017,9456,3506,20,100.0
2025-08-28,PRD0017,9531,3577,19,100.0
2025-09-04,PRD0017,9407,3741,15,92.9
2025-09-11,PRD0017,8690,4309,18,91.5
2025-09-18,PRD0017,7603,3593,11,74.4
2025-09-25,PRD0017,6349,3458,8,57.6
2025-10-02,PRD0017,6757,3567,10,61.0
2025-10-09,PRD0017,5199,1938,6,47.2
2025-10-16,PRD0017,5888,3019,7,55.7
2025-10-23,PRD0017,5599,2218,4,41.1
2025-10-30,PRD0017,4611,2503,3,33.7
2025-11-06,PRD0017,3914,1456,3,30.9
2025-11-13,PRD0017,3883,1473,3,29.3
2025-11-20,PRD0017,4159,1770,3,31.7
2025-11-27,PRD0017,3786,1435,2,27.1
2025-12-04,PRD0017,3645,1452,2,26.6
2025-12-11,PRD0017,2469,1093,1,19.1
2025-12-18,PRD0017,2589,1055,1,19.9
2025-12-25,PRD0017,2224,967,0,15.1
2026-01-01,PRD0017,2277,955,1,16.6
2026-01-08,PRD0017,1948,867,0,12.0
2026-01-15,PRD0017,2139,755,0,13.9
2026-01-22,PRD0017,1976,893,0,12.1
2026-01-29,PRD0017,1654,807,0,11.0
2026-02-05,PRD0017,1673,592,0,11.5
2026-02-12,PRD0017,1331,681,0,8.9
2026-02-19,PRD0017,1383,705,0,8.6
2026-02-26,PRD0017,1349,512,0,9.1
2026-03-05,PRD0017,1305,545,0,8.1
2026-03-12,PRD0017,1426,620,0,8.9
2026-03-19,PRD0017,1298,672,0,8.5
2026-03-26,PRD0017,1326,516,0,8.0
2026-04-02,PRD0017,1326,528,0,8.3
2026-04-09,PRD0017,1143,417,0,7.0
2026-04-16,PRD0017,1154,511,0,7.8
2026-04-23,PRD0017,1534,705,0,9.5
2026-04-30,PRD0017,1286,459,0,8.5
2026-05-07,PRD0017,1249,584,0,7.8
2026-05-14,PRD0017,1232,460,0,8.4
2026-05-21,PRD0017,1389,697,0,9.3
2026-05-28,PRD0017,1400,684,0,9.6
2026-06-04,PRD0017,1224,529,0,7.5
2026-06-11,PRD0017,1508,611,0,9.6
2026-06-18,PRD0017,1318,644,0,8.0
2026-06-25,PRD0017,1145,463,0,7.0
2025-10-30,PRD0018,3816,1894,5,33.0
2025-11-06,PRD0018,3170,1401,6,30.9
2025-11-13,PRD0018,3172,1184,7,32.7
2025-11-20,PRD0018,3698,1945,5,34.8
2025-11-27,PRD0018,3193,1157,7,34.3
2025-12-04,PRD0018,3036,1290,5,30.3
2025-12-11,PRD0018,3982,1480,8,39.6
2025-12-18,PRD0018,3192,1186,4,29.9
2025-12-25,PRD0018,3313,1504,6,34.1
2026-01-01,PRD0018,4043,2168,9,46.6
2026-01-08,PRD0018,4080,2151,5,39.0
2026-01-15,PRD0018,3598,1667,8,38.5
2026-01-22,PRD0018,3681,1873,5,32.4
2026-01-29,PRD0018,3257,1617,6,30.4
2026-02-05,PRD0018,3462,1471,6,36.5
2026-02-12,PRD0018,3963,1478,8,43.9
2026-02-19,PRD0018,3274,1604,7,32.9
2026-02-26,PRD0018,3540,1882,6,36.0
2026-03-05,PRD0018,3173,1439,5,29.1
2026-03-12,PRD0018,3163,1681,5,30.8
2026-03-19,PRD0018,3973,1582,7,38.5
2026-03-26,PRD0018,3603,1448,5,31.3
2026-04-02,PRD0018,3219,1402,7,33.0
2026-04-09,PRD0018,3886,1531,7,39.0
2026-04-16,PRD0018,3696,1346,7,37.9
2026-04-23,PRD0018,3817,1581,5,33.4
2026-04-30,PRD0018,3934,1400,8,42.9
2026-05-07,PRD0018,3857,1882,8,42.1
2026-05-14,PRD0018,3117,1193,6,32.6
2026-05-21,PRD0018,3115,1518,5,31.4
2026-05-28,PRD0018,3497,1849,6,32.1
2026-06-04,PRD0018,3702,2012,4,30.1
2026-06-11,PRD0018,3406,1450,4,31.8
2026-06-18,PRD0018,3718,1860,5,31.8
2026-06-25,PRD0018,3897,1831,7,38.8
2025-11-05,PRD0019,7407,2815,15,74.9
2025-11-12,PRD0019,5544,2361,6,47.3
2025-11-19,PRD0019,5966,2091,7,50.4
2025-11-26,PRD0019,5081,2145,6,44.9
2025-12-03,PRD0019,5024,1995,4,39.0
2025-12-10,PRD0019,4264,2056,4,37.3
2025-12-17,PRD0019,4107,1471,4,35.2
2025-12-24,PRD0019,3516,1519,4,30.9
2025-12-31,PRD0019,3921,1385,3,32.0
2026-01-07,PRD0019,3893,1506,2,28.2
2026-01-14,PRD0019,2764,1183,2,20.6
2026-01-21,PRD0019,2935,1030,2,22.1
2026-01-28,PRD0019,2500,1349,1,19.4
2026-02-04,PRD0019,2483,1248,1,16.9
2026-02-11,PRD0019,2116,768,1,16.0
2026-02-18,PRD0019,1952,906,1,15.2
2026-02-25,PRD0019,1798,716,0,12.1
2026-03-04,PRD0019,1971,898,0,12.4
2026-03-11,PRD0019,1529,802,0,9.6
2026-03-18,PRD0019,1621,682,0,11.0
2026-03-25,PRD0019,1377,593,0,9.2
2026-04-01,PRD0019,1550,633,0,10.7
2026-04-08,PRD0019,1159,493,0,7.3
2026-04-15,PRD0019,1242,637,0,8.6
2026-04-22,PRD0019,1229,520,0,8.0
2026-04-29,PRD0019,1264,526,0,8.2
2026-05-06,PRD0019,959,467,0,6.4
2026-05-13,PRD0019,1221,485,0,7.6
2026-05-20,PRD0019,1056,544,0,6.7
2026-05-27,PRD0019,1069,421,0,6.5
2026-06-03,PRD0019,1137,517,0,7.7
2026-06-10,PRD0019,1139,443,0,7.6
2026-06-17,PRD0019,1010,435,0,6.3
2026-06-24,PRD0019,1221,603,0,8.4
2025-11-26,PRD0020,3378,1445,5,31.7
2025-12-03,PRD0020,3345,1748,6,30.9
2025-12-10,PRD0020,3288,1806,3,25.6
2025-12-17,PRD0020,2510,942,3,23.6
2025-12-24,PRD0020,2502,1112,3,21.3
2025-12-31,PRD0020,2725,1018,3,23.3
2026-01-07,PRD0020,2222,872,2,19.2
2026-01-14,PRD0020,1689,696,1,12.2
2026-01-21,PRD0020,1962,799,1,14.1
2026-01-28,PRD0020,1664,861,1,13.3
2026-02-04,PRD0020,1396,690,1,11.2
2026-02-11,PRD0020,1257,553,0,8.1
2026-02-18,PRD0020,1475,721,1,11.2
2026-02-25,PRD0020,1181,589,0,7.8
2026-03-04,PRD0020,1094,490,0,7.0
2026-03-11,PRD0020,941,459,0,5.8
2026-03-18,PRD0020,882,316,0,6.2
2026-03-25,PRD0020,875,374,0,5.3
2026-04-01,PRD0020,785,298,0,5.0
2026-04-08,PRD0020,760,292,0,5.2
2026-04-15,PRD0020,872,393,0,5.7
2026-04-22,PRD0020,817,355,0,5.6
2026-04-29,PRD0020,794,409,0,5.5
2026-05-06,PRD0020,592,272,0,4.1
2026-05-13,PRD0020,567,225,0,3.9
2026-05-20,PRD0020,570,245,0,3.8
2026-05-27,PRD0020,501,185,0,3.4
2026-06-03,PRD0020,619,279,0,4.1
2026-06-10,PRD0020,529,245,0,3.6
2026-06-17,PRD0020,523,267,0,3.5
2026-06-24,PRD0020,640,277,0,4.4
2025-06-23,PRD0021,9230,4442,20,100.0
2025-06-30,PRD0021,8955,4470,18,97.1
2025-07-07,PRD0021,9191,3381,16,86.0
2025-07-14,PRD0021,9015,4199,17,92.7
2025-07-21,PRD0021,7428,3439,11,72.7
2025-07-28,PRD0021,9274,4302,19,100.0
2025-08-04,PRD0021,9438,4984,12,89.2
2025-08-11,PRD0021,9074,3580,19,100.0
2025-08-18,PRD0021,8134,3764,19,83.8
2025-08-25,PRD0021,8613,3054,16,82.6
2025-09-01,PRD0021,8658,3821,14,88.6
2025-09-08,PRD0021,8662,3332,12,80.5
2025-09-15,PRD0021,9542,3775,18,94.5
2025-09-22,PRD0021,8714,4632,17,95.3
2025-09-29,PRD0021,8359,4024,15,77.4
2025-10-06,PRD0021,9103,3704,10,76.8
2025-10-13,PRD0021,8078,3899,19,95.1
2025-10-20,PRD0021,8474,3701,10,78.1
2025-10-27,PRD0021,9017,3888,19,96.3
2025-11-03,PRD0021,7428,3581,9,66.3
2025-11-10,PRD0021,8490,3556,16,92.0
2025-11-17,PRD0021,7602,3514,16,75.6
2025-11-24,PRD0021,9133,4808,19,100.0
2025-12-01,PRD0021,7844,3273,18,81.1
2025-12-08,PRD0021,9164,4631,15,84.0
2025-12-15,PRD0021,8527,4302,18,87.3
2025-12-22,PRD0021,9303,4846,20,94.3
2025-12-29,PRD0021,8937,3129,17,91.4
2026-01-05,PRD0021,8559,4548,14,89.3
2026-01-12,PRD0021,7353,4014,12,67.9
2026-01-19,PRD0021,7265,2823,14,78.2
2026-01-26,PRD0021,9114,3236,21,98.3
2026-02-02,PRD0021,7202,3454,9,65.6
2026-02-09,PRD0021,7245,3604,9,63.7
2026-02-16,PRD0021,7504,3571,10,69.1
2026-02-23,PRD0021,8167,3529,11,77.2
2026-03-02,PRD0021,7612,3090,9,67.0
2026-03-09,PRD0021,8166,3317,11,77.0
2026-03-16,PRD0021,8181,3091,13,82.9
2026-03-23,PRD0021,8736,4099,14,84.8
2026-03-30,PRD0021,7292,3824,15,80.5
2026-04-06,PRD0021,9362,5005,22,100.0
2026-04-13,PRD0021,9387,3410,20,92.7
2026-04-20,PRD0021,9397,4556,14,94.8
2026-04-27,PRD0021,7557,3330,9,62.9
2026-05-04,PRD0021,9384,3956,21,97.3
2026-05-11,PRD0021,9345,4020,16,98.0
2026-05-18,PRD0021,8219,3213,19,96.1
2026-05-25,PRD0021,8752,3200,12,78.8
2026-06-01,PRD0021,7608,3304,16,86.6
2026-06-08,PRD0021,7854,3483,14,84.1
2026-06-15,PRD0021,7999,3104,13,82.0
2026-06-22,PRD0021,8421,3464,16,88.9
2026-06-29,PRD0021,7483,3485,9,69.9
2025-08-29,PRD0022,9361,3453,13,92.8
2025-09-05,PRD0022,6830,2732,7,57.8
2025-09-12,PRD0022,6063,2683,10,60.4
2025-09-19,PRD0022,5602,1976,5,43.3
2025-09-26,PRD0022,6300,2880,5,51.7
2025-10-03,PRD0022,5942,2578,6,49.1
2025-10-10,PRD0022,5425,2643,5,46.8
2025-10-17,PRD0022,4375,2250,3,32.3
2025-10-24,PRD0022,4487,2464,3,34.1
2025-10-31,PRD0022,4076,2028,3,33.4
2025-11-07,PRD0022,4018,1729,4,31.9
2025-11-14,PRD0022,3113,1625,2,25.6
2025-11-21,PRD0022,3646,1903,1,26.7
2025-11-28,PRD0022,2750,1324,1,19.0
2025-12-05,PRD0022,2984,1095,1,22.6
2025-12-12,PRD0022,2832,1296,1,19.1
2025-12-19,PRD0022,2444,1213,1,18.6
2025-12-26,PRD0022,2495,942,1,19.5
2026-01-02,PRD0022,2342,1080,1,17.7
2026-01-09,PRD0022,1953,895,0,13.4
2026-01-16,PRD0022,1601,854,0,10.9
2026-01-23,PRD0022,1825,722,0,11.7
2026-01-30,PRD0022,1733,693,0,11.5
2026-02-06,PRD0022,1541,800,0,10.1
2026-02-13,PRD0022,1182,495,0,7.7
2026-02-20,PRD0022,1420,507,0,8.7
2026-02-27,PRD0022,1216,557,0,7.9
2026-03-06,PRD0022,1508,584,0,9.7
2026-03-13,PRD0022,1154,545,0,7.7
2026-03-20,PRD0022,1365,612,0,9.4
2026-03-27,PRD0022,1296,582,0,8.9
2026-04-03,PRD0022,1327,516,0,8.0
2026-04-10,PRD0022,1249,568,0,7.7
2026-04-17,PRD0022,1217,438,0,7.3
2026-04-24,PRD0022,1265,694,0,8.4
2026-05-01,PRD0022,1348,480,0,8.5
2026-05-08,PRD0022,1431,598,0,8.9
2026-05-15,PRD0022,1279,599,0,8.1
2026-05-22,PRD0022,1239,591,0,7.6
2026-05-29,PRD0022,1351,545,0,9.3
2026-06-05,PRD0022,1200,650,0,8.3
2026-06-12,PRD0022,1188,434,0,7.5
2026-06-19,PRD0022,1257,688,0,8.7
2026-06-26,PRD0022,1189,552,0,7.8
2025-11-29,PRD0023,8097,3193,14,83.4
2025-12-06,PRD0023,7007,2765,16,76.8
2025-12-13,PRD0023,7423,3178,12,76.6
2025-12-20,PRD0023,7269,2926,12,74.5
2025-12-27,PRD0023,6907,3259,14,75.2
2026-01-03,PRD0023,6826,2746,8,58.2
2026-01-10,PRD0023,7561,3973,17,86.4
2026-01-17,PRD0023,6361,3285,14,69.7
2026-01-24,PRD0023,6558,2556,14,68.1
2026-01-31,PRD0023,6714,3415,8,58.0
2026-02-07,PRD0023,7061,2595,10,61.4
2026-02-14,PRD0023,8008,3126,11,69.8
2026-02-21,PRD0023,7553,2967,12,75.0
2026-02-28,PRD0023,8277,3058,17,86.2
2026-03-07,PRD0023,6892,2434,13,75.0
2026-03-14,PRD0023,6525,3411,14,67.4
2026-03-21,PRD0023,7882,2896,16,78.3
2026-03-28,PRD0023,7035,3206,16,79.2
2026-04-04,PRD0023,7343,3394,14,78.9
2026-04-11,PRD0023,7855,2759,12,71.4
2026-04-18,PRD0023,7323,3380,15,75.7
2026-04-25,PRD0023,8145,4374,15,87.4
2026-05-02,PRD0023,7895,3420,18,91.3
2026-05-09,PRD0023,7474,3237,15,78.3
2026-05-16,PRD0023,6809,3557,9,63.8
2026-05-23,PRD0023,7314,3998,16,76.1
2026-05-30,PRD0023,7581,3764,12,71.2
2026-06-06,PRD0023,8094,4107,17,83.0
2026-06-13,PRD0023,7296,2997,14,70.3
2026-06-20,PRD0023,6379,3117,15,65.6
2026-06-27,PRD0023,8238,2893,10,69.2
2025-07-19,PRD0024,3635,1742,4,33.6
2025-07-26,PRD0024,3999,2105,7,41.5
2025-08-02,PRD0024,2978,1045,3,23.4
2025-08-09,PRD0024,3244,1495,3,25.3
2025-08-16,PRD0024,3166,1440,3,26.8
2025-08-23,PRD0024,2741,1233,3,25.5
2025-08-30,PRD0024,2472,1180,2,21.3
2025-09-06,PRD0024,2109,740,1,15.7
2025-09-13,PRD0024,2003,848,1,16.0
2025-09-20,PRD0024,2263,870,2,19.5
2025-09-27,PRD0024,1775,643,1,12.7
2025-10-04,PRD0024,1585,651,0,10.1
2025-10-11,PRD0024,1469,586,0,9.0
2025-10-18,PRD0024,1562,554,0,10.1
2025-10-25,PRD0024,1289,568,0,8.9
2025-11-01,PRD0024,1293,645,0,8.6
2025-11-08,PRD0024,1223,639,0,7.7
2025-11-15,PRD0024,1193,602,0,7.7
2025-11-22,PRD0024,1153,571,0,7.6
2025-11-29,PRD0024,1015,379,0,6.2
2025-12-06,PRD0024,885,449,0,6.1
2025-12-13,PRD0024,1042,564,0,6.6
2025-12-20,PRD0024,851,394,0,5.7
2025-12-27,PRD0024,901,447,0,6.0
2026-01-03,PRD0024,772,306,0,4.8
2026-01-10,PRD0024,705,345,0,4.6
2026-01-17,PRD0024,586,270,0,3.8
2026-01-24,PRD0024,671,333,0,4.2
2026-01-31,PRD0024,602,324,0,3.8
2026-02-07,PRD0024,703,355,0,4.7
2026-02-14,PRD0024,633,325,0,4.1
2026-02-21,PRD0024,580,211,0,3.6
2026-02-28,PRD0024,637,290,0,3.9
2026-03-07,PRD0024,719,298,0,4.7
2026-03-14,PRD0024,593,225,0,4.0
2026-03-21,PRD0024,700,300,0,4.8
2026-03-28,PRD0024,580,305,0,3.8
2026-04-04,PRD0024,728,383,0,4.7
2026-04-11,PRD0024,614,240,0,4.1
2026-04-18,PRD0024,646,249,0,4.1
2026-04-25,PRD0024,708,354,0,4.8
2026-05-02,PRD0024,600,246,0,4.0
2026-05-09,PRD0024,712,330,0,4.3
2026-05-16,PRD0024,578,226,0,4.0
2026-05-23,PRD0024,551,209,0,3.7
2026-05-30,PRD0024,660,276,0,4.2
2026-06-06,PRD0024,673,334,0,4.4
2026-06-13,PRD0024,547,236,0,3.4
2026-06-20,PRD0024,564,306,0,3.4
2026-06-27,PRD0024,576,225,0,3.9
2025-01-06,PRD0025,6361,2812,11,64.3
2025-01-13,PRD0025,5197,2448,10,49.9
2025-01-20,PRD0025,5303,2283,7,45.8
2025-01-27,PRD0025,5318,2628,9,53.9
2025-02-03,PRD0025,6292,3366,13,70.7
2025-02-10,PRD0025,5457,2589,11,52.9
2025-02-17,PRD0025,6130,2674,9,57.7
2025-02-24,PRD0025,6289,2773,14,71.4
2025-03-03,PRD0025,6499,2409,13,65.3
2025-03-10,PRD0025,5281,2148,11,57.3
2025-03-17,PRD0025,6226,2354,9,53.6
2025-03-24,PRD0025,6297,3440,8,54.7
2025-03-31,PRD0025,5332,2761,10,55.8
2025-04-07,PRD0025,5761,3131,11,62.0
2025-04-14,PRD0025,5219,2601,10,55.9
2025-04-21,PRD0025,5487,2652,10,52.0
2025-04-28,PRD0025,6351,2853,7,51.5
2025-05-05,PRD0025,6845,2558,10,63.2
2025-05-12,PRD0025,5747,2386,9,53.3
2025-05-19,PRD0025,6764,2654,8,63.6
2025-05-26,PRD0025,6699,3387,8,63.6
2025-06-02,PRD0025,6775,2943,11,62.1
2025-06-09,PRD0025,5516,2476,7,50.3
2025-06-16,PRD0025,5211,2573,12,56.7
2025-06-23,PRD0025,6652,2357,9,57.3
2025-06-30,PRD0025,5607,2691,12,58.4
2025-07-07,PRD0025,5570,2912,12,61.3
2025-07-14,PRD0025,6256,2467,12,61.9
2025-07-21,PRD0025,5550,2080,10,59.1
2025-07-28,PRD0025,5830,2619,13,64.6
2025-08-04,PRD0025,5764,3046,9,51.3
2025-08-11,PRD0025,5898,2862,14,64.3
2025-08-18,PRD0025,5866,2255,8,53.6
2025-08-25,PRD0025,5292,2737,7,47.6
2025-09-01,PRD0025,5299,2442,11,58.4
2025-09-08,PRD0025,6026,2155,7,56.2
2025-09-15,PRD0025,6527,3007,8,57.1
2025-09-22,PRD0025,6475,2382,9,59.8
2025-09-29,PRD0025,6080,2756,13,66.6
2025-10-06,PRD0025,5906,2242,7,53.8
2025-10-13,PRD0025,6854,3364,12,64.8
2025-10-20,PRD0025,5177,2280,7,47.0
2025-10-27,PRD0025,5513,2017,6,50.2
2025-11-03,PRD0025,5750,2622,8,51.3
2025-11-10,PRD0025,6542,2518,13,62.9
2025-11-17,PRD0025,6118,2363,11,61.5
2025-11-24,PRD0025,5740,2497,9,52.8
2025-12-01,PRD0025,5154,1928,6,43.1
2025-12-08,PRD0025,6308,3308,9,57.7
2025-12-15,PRD0025,6581,3513,11,61.8
2025-12-22,PRD0025,5888,2524,12,57.7
2025-12-29,PRD0025,6154,2799,13,67.4
2026-01-05,PRD0025,5955,2122,14,65.0
2026-01-12,PRD0025,5866,2417,9,56.4
2026-01-19,PRD0025,6460,3288,8,58.4
2026-01-26,PRD0025,6300,2361,9,54.2
2026-02-02,PRD0025,6280,2933,11,66.5
2026-02-09,PRD0025,5223,2574,11,58.5
2026-02-16,PRD0025,6236,2518,7,52.1
2026-02-23,PRD0025,6896,2504,14,67.0
2026-03-02,PRD0025,6200,2792,13,63.6
2026-03-09,PRD0025,6595,3392,15,71.0
2026-03-16,PRD0025,6192,3392,12,65.1
2026-03-23,PRD0025,5458,2554,11,59.7
2026-03-30,PRD0025,5788,2670,8,52.5
2026-04-06,PRD0025,5788,2141,8,51.5
2026-04-13,PRD0025,5189,2314,7,45.4
2026-04-20,PRD0025,5414,2243,7,50.6
2026-04-27,PRD0025,6841,3310,13,70.7
2026-05-04,PRD0025,6742,3702,11,60.4
2026-05-11,PRD0025,6381,3396,8,56.5
2026-05-18,PRD0025,6879,3316,8,60.0
2026-05-25,PRD0025,6029,3098,11,57.6
2026-06-01,PRD0025,5261,1899,7,49.1
2026-06-08,PRD0025,5150,2629,10,49.7
2026-06-15,PRD0025,6776,3640,15,76.7
2026-06-22,PRD0025,5524,2689,11,58.0
2026-06-29,PRD0025,6172,3252,13,65.0
2026-05-16,PRD0026,7408,2758,17,87.1
2026-05-23,PRD0026,8861,4053,17,97.2
2026-05-30,PRD0026,9350,4222,20,100.0
2026-06-06,PRD0026,9456,5064,21,99.3
2026-06-13,PRD0026,7387,3705,12,75.6
2026-06-20,PRD0026,7929,3588,18,87.6
2026-06-27,PRD0026,8138,3673,14,74.2
2025-05-05,PRD0027,1935,687,3,18.2
2025-05-12,PRD0027,2107,1018,4,20.4
2025-05-19,PRD0027,2020,934,3,18.7
2025-05-26,PRD0027,2404,1162,5,25.4
2025-06-02,PRD0027,2227,1143,3,19.3
2025-06-09,PRD0027,2341,1081,4,22.9
2025-06-16,PRD0027,2396,1115,5,27.0
2025-06-23,PRD0027,2212,1055,3,20.5
2025-06-30,PRD0027,2047,764,4,19.8
2025-07-07,PRD0027,2282,850,3,20.7
2025-07-14,PRD0027,2262,903,4,23.1
2025-07-21,PRD0027,2434,1121,3,22.4
2025-07-28,PRD0027,2130,1077,3,20.6
2025-08-04,PRD0027,2431,1176,4,22.8
2025-08-11,PRD0027,1923,905,3,18.7
2025-08-18,PRD0027,2451,1042,4,24.5
2025-08-25,PRD0027,2519,1097,3,22.3
2025-09-01,PRD0027,1995,875,2,16.4
2025-09-08,PRD0027,2151,821,4,22.0
2025-09-15,PRD0027,2056,978,3,19.4
2025-09-22,PRD0027,1894,1029,4,21.0
2025-09-29,PRD0027,2071,890,4,20.4
2025-10-06,PRD0027,1921,839,4,20.0
2025-10-13,PRD0027,1994,1091,3,19.1
2025-10-20,PRD0027,1939,687,4,19.1
2025-10-27,PRD0027,1943,1068,2,17.5
2025-11-03,PRD0027,2558,1022,5,28.4
2025-11-10,PRD0027,2321,888,5,23.7
2025-11-17,PRD0027,2166,858,3,19.6
2025-11-24,PRD0027,1894,733,2,17.3
2025-12-01,PRD0027,2108,953,3,20.4
2025-12-08,PRD0027,2361,1256,3,22.7
2025-12-15,PRD0027,2395,1075,3,21.8
2025-12-22,PRD0027,2180,1046,4,22.6
2025-12-29,PRD0027,2076,1053,3,20.4
2026-01-05,PRD0027,2207,1099,5,25.7
2026-01-12,PRD0027,1937,877,3,18.7
2026-01-19,PRD0027,2276,1045,2,18.8
2026-01-26,PRD0027,1809,778,3,16.6
2026-02-02,PRD0027,1915,828,3,17.2
2026-02-09,PRD0027,1687,652,2,14.6
2026-02-16,PRD0027,1592,768,2,15.2
2026-02-23,PRD0027,1573,769,2,13.7
2026-03-02,PRD0027,1457,710,2,13.0
2026-03-09,PRD0027,1528,780,1,11.2
2026-03-16,PRD0027,1249,482,1,10.5
2026-03-23,PRD0027,1076,576,1,8.3
2026-03-30,PRD0027,1048,455,1,8.4
2026-04-06,PRD0027,1063,490,0,6.8
2026-04-13,PRD0027,1033,495,0,6.8
2026-04-20,PRD0027,856,364,0,5.2
2026-04-27,PRD0027,798,408,0,5.6
2026-05-04,PRD0027,617,329,0,4.1
2026-05-11,PRD0027,734,383,0,4.7
2026-05-18,PRD0027,574,250,0,3.9
2026-05-25,PRD0027,546,285,0,3.5
2026-06-01,PRD0027,463,203,0,3.1
2026-06-08,PRD0027,469,211,0,3.0
2026-06-15,PRD0027,512,205,0,3.3
2026-06-22,PRD0027,446,224,0,2.8
2026-06-29,PRD0027,404,190,0,2.8
2025-10-09,PRD0028,8432,3221,11,72.4
2025-10-16,PRD0028,8372,4266,12,82.4
2025-10-23,PRD0028,6868,2954,11,67.2
2025-10-30,PRD0028,5631,2170,8,49.0
2025-11-06,PRD0028,6731,3033,10,63.6
2025-11-13,PRD0028,5304,1920,7,51.7
2025-11-20,PRD0028,4907,2224,4,41.0
2025-11-27,PRD0028,4215,2212,3,33.7
2025-12-04,PRD0028,4462,2262,2,34.4
2025-12-11,PRD0028,4829,2084,3,35.3
2025-12-18,PRD0028,3482,1727,3,26.5
2025-12-25,PRD0028,3415,1714,2,25.0
2026-01-01,PRD0028,3514,1501,2,24.9
2026-01-08,PRD0028,3648,1740,2,26.6
2026-01-15,PRD0028,2804,1050,1,21.0
2026-01-22,PRD0028,3080,1301,2,25.6
2026-01-29,PRD0028,2629,1145,1,18.7
2026-02-05,PRD0028,2231,845,0,15.3
2026-02-12,PRD0028,2410,917,1,17.5
2026-02-19,PRD0028,2081,1034,1,15.9
2026-02-26,PRD0028,2064,757,0,14.0
2026-03-05,PRD0028,1646,672,0,11.1
2026-03-12,PRD0028,1424,745,0,9.1
2026-03-19,PRD0028,1315,585,0,8.8
2026-03-26,PRD0028,1505,709,0,9.4
2026-04-02,PRD0028,1210,577,0,8.0
2026-04-09,PRD0028,1172,578,0,7.2
2026-04-16,PRD0028,1172,608,0,7.0
2026-04-23,PRD0028,1415,718,0,9.2
2026-04-30,PRD0028,1236,549,0,8.5
2026-05-07,PRD0028,1216,467,0,8.4
2026-05-14,PRD0028,1184,515,0,7.4
2026-05-21,PRD0028,1223,444,0,7.6
2026-05-28,PRD0028,1296,457,0,8.8
2026-06-04,PRD0028,1340,533,0,8.2
2026-06-11,PRD0028,1276,615,0,8.6
2026-06-18,PRD0028,1302,566,0,8.5
2026-06-25,PRD0028,1424,695,0,10.0
2026-04-22,PRD0029,5433,2530,7,48.8
2026-04-29,PRD0029,5364,2359,7,47.6
2026-05-06,PRD0029,4953,1822,10,52.5
2026-05-13,PRD0029,6181,2634,9,55.7
2026-05-20,PRD0029,6452,3331,12,66.3
2026-05-27,PRD0029,5171,2053,9,48.0
2026-06-03,PRD0029,6575,3596,13,68.1
2026-06-10,PRD0029,5567,2857,12,60.2
2026-06-17,PRD0029,6588,2987,11,59.8
2026-06-24,PRD0029,5888,3149,8,50.7
2025-10-11,PRD0030,1884,665,2,17.1
2025-10-18,PRD0030,1471,718,2,13.3
2025-10-25,PRD0030,1522,809,2,14.1
2025-11-01,PRD0030,1809,835,3,17.6
2025-11-08,PRD0030,1662,585,2,14.2
2025-11-15,PRD0030,1655,843,2,15.6
2025-11-22,PRD0030,1584,729,3,16.5
2025-11-29,PRD0030,1793,658,3,16.3
2025-12-06,PRD0030,1712,743,3,17.9
2025-12-13,PRD0030,1794,697,2,16.4
2025-12-20,PRD0030,1766,911,3,16.1
2025-12-27,PRD0030,1565,789,1,12.7
2026-01-03,PRD0030,1671,645,2,15.5
2026-01-10,PRD0030,1949,1053,3,18.3
2026-01-17,PRD0030,1501,531,3,15.5
2026-01-24,PRD0030,1964,949,3,17.4
2026-01-31,PRD0030,1469,704,3,14.9
2026-02-07,PRD0030,1507,554,3,16.8
2026-02-14,PRD0030,1578,641,3,16.2
2026-02-21,PRD0030,1514,715,3,15.9
2026-02-28,PRD0030,1861,826,3,16.6
2026-03-07,PRD0030,1861,934,3,18.1
2026-03-14,PRD0030,1614,610,2,14.5
2026-03-21,PRD0030,1783,680,3,18.2
2026-03-28,PRD0030,1735,794,3,17.2
2026-04-04,PRD0030,1790,668,3,18.0
2026-04-11,PRD0030,1793,907,2,14.4
2026-04-18,PRD0030,1877,817,3,19.0
2026-04-25,PRD0030,1756,929,2,15.5
2026-05-02,PRD0030,1528,823,2,14.6
2026-05-09,PRD0030,1857,783,4,20.3
2026-05-16,PRD0030,1760,908,2,14.2
2026-05-23,PRD0030,1967,906,2,17.8
2026-05-30,PRD0030,1926,816,2,15.3
2026-06-06,PRD0030,1700,709,2,16.0
2026-06-13,PRD0030,1700,750,3,17.3
2026-06-20,PRD0030,1534,627,2,14.5
2026-06-27,PRD0030,1512,732,3,15.8
2025-10-20,PRD0031,2757,1187,3,22.9
2025-10-27,PRD0031,2431,1083,3,20.2
2025-11-03,PRD0031,2262,1242,3,21.3
2025-11-10,PRD0031,2209,819,2,18.8
2025-11-17,PRD0031,1992,715,2,16.9
2025-11-24,PRD0031,1668,625,2,14.7
2025-12-01,PRD0031,1500,806,0,9.9
2025-12-08,PRD0031,1422,595,1,10.4
2025-12-15,PRD0031,1339,543,1,11.5
2025-12-22,PRD0031,1277,603,1,10.9
2025-12-29,PRD0031,902,403,0,6.2
2026-01-05,PRD0031,870,350,0,5.3
2026-01-12,PRD0031,810,436,0,5.6
2026-01-19,PRD0031,749,272,0,5.2
2026-01-26,PRD0031,888,321,0,5.7
2026-02-02,PRD0031,671,297,0,4.7
2026-02-09,PRD0031,659,286,0,4.0
2026-02-16,PRD0031,729,380,0,5.0
2026-02-23,PRD0031,504,223,0,3.3
2026-03-02,PRD0031,468,209,0,3.2
2026-03-09,PRD0031,574,266,0,3.9
2026-03-16,PRD0031,446,213,0,2.9
2026-03-23,PRD0031,457,179,0,2.9
2026-03-30,PRD0031,400,177,0,2.7
2026-04-06,PRD0031,445,219,0,3.1
2026-04-13,PRD0031,405,185,0,2.7
2026-04-20,PRD0031,369,153,0,2.5
2026-04-27,PRD0031,416,202,0,2.9
2026-05-04,PRD0031,478,242,0,3.0
2026-05-11,PRD0031,471,196,0,3.0
2026-05-18,PRD0031,476,259,0,3.2
2026-05-25,PRD0031,440,173,0,2.8
2026-06-01,PRD0031,434,168,0,2.7
2026-06-08,PRD0031,414,226,0,2.9
2026-06-15,PRD0031,482,220,0,2.9
2026-06-22,PRD0031,484,237,0,3.1
2026-06-29,PRD0031,375,203,0,2.5
2026-01-28,PRD0032,3330,1387,6,31.3
2026-02-04,PRD0032,3242,1608,5,31.3
2026-02-11,PRD0032,2566,940,2,21.5
2026-02-18,PRD0032,2450,1340,2,19.3
2026-02-25,PRD0032,2899,1410,2,23.5
2026-03-04,PRD0032,1996,984,2,16.2
2026-03-11,PRD0032,2497,1222,2,19.1
2026-03-18,PRD0032,1740,656,1,12.9
2026-03-25,PRD0032,1923,1008,1,13.7
2026-04-01,PRD0032,1908,1018,1,13.5
2026-04-08,PRD0032,1697,656,1,13.9
2026-04-15,PRD0032,1579,634,1,12.4
2026-04-22,PRD0032,1261,682,0,8.5
2026-04-29,PRD0032,1402,620,0,9.7
2026-05-06,PRD0032,1230,520,0,7.7
2026-05-13,PRD0032,984,346,0,6.8
2026-05-20,PRD0032,1210,610,0,8.1
2026-05-27,PRD0032,844,354,0,5.8
2026-06-03,PRD0032,920,450,0,5.6
2026-06-10,PRD0032,888,472,0,6.2
2026-06-17,PRD0032,815,430,0,5.2
2026-06-24,PRD0032,687,291,0,4.2
2025-12-04,PRD0033,3988,1720,6,40.2
2025-12-11,PRD0033,3574,1659,6,37.1
2025-12-18,PRD0033,3398,1452,4,28.8
2025-12-25,PRD0033,4126,2266,5,37.7
2026-01-01,PRD0033,3739,1471,3,31.8
2026-01-08,PRD0033,3258,1783,4,26.8
2026-01-15,PRD0033,2804,1406,3,23.5
2026-01-22,PRD0033,2296,963,1,16.9
2026-01-29,PRD0033,2315,870,1,16.4
2026-02-05,PRD0033,2107,982,1,16.0
2026-02-12,PRD0033,2303,906,1,16.5
2026-02-19,PRD0033,1645,834,1,12.9
2026-02-26,PRD0033,2022,726,1,15.4
2026-03-05,PRD0033,1787,773,0,10.7
2026-03-12,PRD0033,1482,632,0,10.1
2026-03-19,PRD0033,1337,707,0,9.3
2026-03-26,PRD0033,1424,748,0,9.7
2026-04-02,PRD0033,1323,612,0,8.2
2026-04-09,PRD0033,1427,588,0,8.9
2026-04-16,PRD0033,1224,625,0,7.4
2026-04-23,PRD0033,1166,490,0,7.3
2026-04-30,PRD0033,1265,618,0,8.7
2026-05-07,PRD0033,1120,580,0,7.6
2026-05-14,PRD0033,838,410,0,5.6
2026-05-21,PRD0033,908,330,0,5.9
2026-05-28,PRD0033,803,359,0,5.1
2026-06-04,PRD0033,664,247,0,4.3
2026-06-11,PRD0033,764,378,0,5.0
2026-06-18,PRD0033,860,329,0,5.5
2026-06-25,PRD0033,800,400,0,5.5
2025-01-21,PRD0034,3750,1886,7,40.1
2025-01-28,PRD0034,3284,1792,6,31.3
2025-02-04,PRD0034,4237,1889,5,37.3
2025-02-11,PRD0034,3584,1886,8,39.8
2025-02-18,PRD0034,4336,1637,8,43.6
2025-02-25,PRD0034,3210,1237,4,27.8
2025-03-04,PRD0034,3353,1794,7,33.5
2025-03-11,PRD0034,4279,1548,5,36.3
2025-03-18,PRD0034,4326,2080,8,46.6
2025-03-25,PRD0034,4182,2089,5,39.6
2025-04-01,PRD0034,4292,1997,8,44.8
2025-04-08,PRD0034,3971,1974,8,39.0
2025-04-15,PRD0034,3926,2142,6,38.4
2025-04-22,PRD0034,3377,1757,4,29.5
2025-04-29,PRD0034,3615,1937,7,34.9
2025-05-06,PRD0034,3631,1411,8,40.8
2025-05-13,PRD0034,3778,1638,8,39.6
2025-05-20,PRD0034,3657,1282,8,36.7
2025-05-27,PRD0034,4018,1884,9,43.3
2025-06-03,PRD0034,3729,1601,7,38.5
2025-06-10,PRD0034,3462,1743,6,35.0
2025-06-17,PRD0034,4330,1593,8,45.9
2025-06-24,PRD0034,4316,1574,6,42.0
2025-07-01,PRD0034,3255,1754,6,35.2
2025-07-08,PRD0034,3455,1861,4,29.1
2025-07-15,PRD0034,4302,1971,6,40.4
2025-07-22,PRD0034,3652,1388,4,33.3
2025-07-29,PRD0034,4272,1853,5,35.0
2025-08-05,PRD0034,3668,1932,8,38.9
2025-08-12,PRD0034,4306,1845,10,50.2
2025-08-19,PRD0034,3254,1291,5,29.3
2025-08-26,PRD0034,3854,1968,6,34.3
2025-09-02,PRD0034,3866,1955,8,39.5
2025-09-09,PRD0034,3249,1764,5,29.4
2025-09-16,PRD0034,3555,1791,7,37.1
2025-09-23,PRD0034,3598,1476,6,33.3
2025-09-30,PRD0034,3423,1777,5,31.7
2025-10-07,PRD0034,4153,1527,9,42.9
2025-10-14,PRD0034,4098,1979,9,45.8
2025-10-21,PRD0034,4274,1970,6,40.5
2025-10-28,PRD0034,3323,1505,6,35.3
2025-11-04,PRD0034,3253,1616,7,35.3
2025-11-11,PRD0034,3987,1473,7,39.0
2025-11-18,PRD0034,3932,1945,9,44.5
2025-11-25,PRD0034,3953,1834,6,35.8
2025-12-02,PRD0034,3842,1963,8,41.9
2025-12-09,PRD0034,4298,1746,7,44.5
2025-12-16,PRD0034,4215,2037,6,37.5
2025-12-23,PRD0034,3486,1881,8,35.5
2025-12-30,PRD0034,3989,1458,8,40.7
2026-01-06,PRD0034,3965,1783,4,36.1
2026-01-13,PRD0034,3511,1835,7,35.9
2026-01-20,PRD0034,3989,1934,7,41.4
2026-01-27,PRD0034,3663,1803,7,40.3
2026-02-03,PRD0034,4026,2168,9,42.6
2026-02-10,PRD0034,3434,1866,5,32.4
2026-02-17,PRD0034,4331,1750,7,43.3
2026-02-24,PRD0034,4088,1743,8,41.7
2026-03-03,PRD0034,4234,1588,5,36.0
2026-03-10,PRD0034,3233,1582,3,26.2
2026-03-17,PRD0034,4158,1969,9,44.6
2026-03-24,PRD0034,4131,1598,6,36.4
2026-03-31,PRD0034,4099,1738,6,37.2
2026-04-07,PRD0034,3714,1383,8,36.8
2026-04-14,PRD0034,4194,1699,6,40.6
2026-04-21,PRD0034,3875,1448,5,32.9
2026-04-28,PRD0034,4130,1488,8,40.9
2026-05-05,PRD0034,3825,1488,8,38.3
2026-05-12,PRD0034,3679,1373,7,39.8
2026-05-19,PRD0034,3450,1766,6,33.7
2026-05-26,PRD0034,3953,1745,5,37.7
2026-06-02,PRD0034,4232,1506,8,44.6
2026-06-09,PRD0034,3770,1719,6,34.4
2026-06-16,PRD0034,4264,1560,8,43.0
2026-06-23,PRD0034,4246,1959,6,37.5
2026-06-30,PRD0034,4132,1989,8,40.3
2025-11-02,PRD0035,8974,4048,15,84.4
2025-11-09,PRD0035,8470,4472,15,79.3
2025-11-16,PRD0035,7298,3962,16,83.9
2025-11-23,PRD0035,8462,4131,14,80.3
2025-11-30,PRD0035,8619,3271,19,92.5
2025-12-07,PRD0035,7148,3116,14,72.7
2025-12-14,PRD0035,7300,2559,11,64.3
2025-12-21,PRD0035,8825,4721,17,88.5
2025-12-28,PRD0035,7198,3151,13,66.9
2026-01-04,PRD0035,9087,3771,16,97.0
2026-01-11,PRD0035,6918,3695,12,70.3
2026-01-18,PRD0035,8589,3119,12,78.8
2026-01-25,PRD0035,8871,3450,15,88.3
2026-02-01,PRD0035,7377,3428,15,80.4
2026-02-08,PRD0035,7355,3159,15,79.4
2026-02-15,PRD0035,8022,3071,9,65.6
2026-02-22,PRD0035,7742,3245,15,79.8
2026-03-01,PRD0035,7772,4129,9,69.6
2026-03-08,PRD0035,8218,3913,14,77.6
2026-03-15,PRD0035,7138,3031,13,75.4
2026-03-22,PRD0035,8903,4331,20,91.6
2026-03-29,PRD0035,7194,3515,15,72.8
2026-04-05,PRD0035,8315,4396,15,79.1
2026-04-12,PRD0035,7523,3916,15,82.1
2026-04-19,PRD0035,8715,3437,14,79.2
2026-04-26,PRD0035,7850,2884,12,69.1
2026-05-03,PRD0035,7787,4138,14,77.4
2026-05-10,PRD0035,8063,3449,14,85.3
2026-05-17,PRD0035,8673,4435,19,89.1
2026-05-24,PRD0035,6923,2442,9,61.6
2026-05-31,PRD0035,7684,3988,16,81.8
2026-06-07,PRD0035,8983,4147,16,96.0
2026-06-14,PRD0035,8532,4630,15,88.5
2026-06-21,PRD0035,8350,4463,17,87.9
2026-06-28,PRD0035,7453,3208,10,67.3
2025-08-14,PRD0036,4099,1606,9,42.3
2025-08-21,PRD0036,4873,1854,11,56.6
2025-08-28,PRD0036,4621,2203,9,46.1
2025-09-04,PRD0036,5297,2220,12,61.0
2025-09-11,PRD0036,4586,2215,8,47.9
2025-09-18,PRD0036,4460,1922,6,42.7
2025-09-25,PRD0036,4217,1653,6,41.5
2025-10-02,PRD0036,3760,1910,4,33.7
2025-10-09,PRD0036,3172,1447,3,27.2
2025-10-16,PRD0036,2488,988,2,19.5
2025-10-23,PRD0036,3048,1537,3,25.0
2025-10-30,PRD0036,2536,999,2,20.1
2025-11-06,PRD0036,2372,1145,1,18.2
2025-11-13,PRD0036,1947,706,1,15.3
2025-11-20,PRD0036,1732,803,1,14.1
2025-11-27,PRD0036,1653,720,1,11.9
2025-12-04,PRD0036,1809,756,1,12.7
2025-12-11,PRD0036,1348,666,0,8.4
2025-12-18,PRD0036,1433,604,0,9.3
2025-12-25,PRD0036,1133,454,0,7.0
2026-01-01,PRD0036,1187,570,0,8.0
2026-01-08,PRD0036,977,525,0,6.6
2026-01-15,PRD0036,1089,469,0,7.2
2026-01-22,PRD0036,905,411,0,5.6
2026-01-29,PRD0036,821,300,0,5.6
2026-02-05,PRD0036,783,379,0,5.4
2026-02-12,PRD0036,803,366,0,5.3
2026-02-19,PRD0036,762,409,0,5.1
2026-02-26,PRD0036,732,301,0,4.5
2026-03-05,PRD0036,655,253,0,4.4
2026-03-12,PRD0036,719,277,0,4.3
2026-03-19,PRD0036,602,312,0,3.9
2026-03-26,PRD0036,793,366,0,5.5
2026-04-02,PRD0036,735,257,0,4.8
2026-04-09,PRD0036,651,314,0,4.2
2026-04-16,PRD0036,710,379,0,4.3
2026-04-23,PRD0036,667,279,0,4.0
2026-04-30,PRD0036,594,256,0,4.0
2026-05-07,PRD0036,595,296,0,3.9
2026-05-14,PRD0036,787,344,0,5.2
2026-05-21,PRD0036,616,301,0,3.8
2026-05-28,PRD0036,710,350,0,4.5
2026-06-04,PRD0036,621,268,0,3.9
2026-06-11,PRD0036,764,361,0,5.1
2026-06-18,PRD0036,706,294,0,4.9
2026-06-25,PRD0036,677,277,0,4.2
2026-02-19,PRD0037,6717,2696,8,62.9
2026-02-26,PRD0037,6469,3464,10,63.9
2026-03-05,PRD0037,6484,3381,8,57.3
2026-03-12,PRD0037,6217,3266,6,52.3
2026-03-19,PRD0037,5496,2540,5,42.3
2026-03-26,PRD0037,4711,2219,5,43.1
2026-04-02,PRD0037,4865,2221,6,43.5
2026-04-09,PRD0037,4101,1639,3,30.0
2026-04-16,PRD0037,4291,1612,4,33.6
2026-04-23,PRD0037,3367,1398,3,27.8
2026-04-30,PRD0037,3696,1873,2,27.8
2026-05-07,PRD0037,3684,1381,2,25.9
2026-05-14,PRD0037,2987,1227,2,22.1
2026-05-21,PRD0037,2913,1499,1,21.6
2026-05-28,PRD0037,2344,874,1,17.1
2026-06-04,PRD0037,2777,1265,1,19.0
2026-06-11,PRD0037,2430,1258,1,17.9
2026-06-18,PRD0037,2366,1264,1,18.5
2026-06-25,PRD0037,1901,778,0,12.0
2026-02-08,PRD0038,8648,3173,12,80.1
2026-02-15,PRD0038,8603,4533,13,77.3
2026-02-22,PRD0038,9832,3751,19,95.3
2026-03-01,PRD0038,9911,3855,17,92.8
2026-03-08,PRD0038,8699,4185,10,72.9
2026-03-15,PRD0038,8817,4107,15,89.1
2026-03-22,PRD0038,9758,4188,21,100.0
2026-03-29,PRD0038,7695,3911,18,87.1
2026-04-05,PRD0038,9515,5037,17,91.8
2026-04-12,PRD0038,9630,5218,13,92.1
2026-04-19,PRD0038,7848,3786,14,83.0
2026-04-26,PRD0038,7780,3132,18,83.1
2026-05-03,PRD0038,9866,3568,14,95.6
2026-05-10,PRD0038,9848,5312,13,93.7
2026-05-17,PRD0038,9244,3753,15,85.0
2026-05-24,PRD0038,9625,4773,20,100.0
2026-05-31,PRD0038,8141,3066,19,91.7
2026-06-07,PRD0038,8235,3106,11,73.8
2026-06-14,PRD0038,10269,4036,23,100.0
2026-06-21,PRD0038,8196,3284,14,75.2
2026-06-28,PRD0038,9466,4582,16,92.1
2025-11-11,PRD0039,5369,2337,11,57.3
2025-11-18,PRD0039,5221,2677,7,49.4
2025-11-25,PRD0039,4936,2361,7,42.8
2025-12-02,PRD0039,6134,3263,12,63.8
2025-12-09,PRD0039,5075,2271,7,44.6
2025-12-16,PRD0039,5827,3147,7,48.6
2025-12-23,PRD0039,5137,1867,12,57.5
2025-12-30,PRD0039,5868,3226,12,57.7
2026-01-06,PRD0039,5829,3156,11,56.0
2026-01-13,PRD0039,4736,2011,8,49.1
2026-01-20,PRD0039,5330,2751,10,54.5
2026-01-27,PRD0039,5848,3167,12,61.2
2026-02-03,PRD0039,5695,2557,12,59.6
2026-02-10,PRD0039,5640,3029,7,48.5
2026-02-17,PRD0039,4933,1950,9,49.2
2026-02-24,PRD0039,4444,1687,6,43.3
2026-03-03,PRD0039,3860,1381,6,38.4
2026-03-10,PRD0039,3641,1663,5,35.5
2026-03-17,PRD0039,3173,1267,3,25.2
2026-03-24,PRD0039,3753,1909,3,28.3
2026-03-31,PRD0039,2815,1243,2,21.3
2026-04-07,PRD0039,3092,1339,3,26.4
2026-04-14,PRD0039,3074,1628,2,22.2
2026-04-21,PRD0039,2449,874,2,19.0
2026-04-28,PRD0039,2092,1138,1,16.0
2026-05-05,PRD0039,2045,1078,1,15.2
2026-05-12,PRD0039,1757,787,1,12.9
2026-05-19,PRD0039,1773,678,0,11.2
2026-05-26,PRD0039,1573,669,0,10.7
2026-06-02,PRD0039,1595,829,0,9.9
2026-06-09,PRD0039,1526,783,0,9.6
2026-06-16,PRD0039,1475,762,0,10.1
2026-06-23,PRD0039,1269,678,0,8.2
2026-06-30,PRD0039,996,423,0,6.7
2026-01-24,PRD0040,1953,711,4,19.9
2026-01-31,PRD0040,2010,883,3,19.5
2026-02-07,PRD0040,1674,728,3,15.9
2026-02-14,PRD0040,2060,1026,3,18.6
2026-02-21,PRD0040,1824,820,2,15.0
2026-02-28,PRD0040,2079,963,2,16.3
2026-03-07,PRD0040,1795,823,2,15.8
2026-03-14,PRD0040,1588,672,3,15.3
2026-03-21,PRD0040,1902,710,3,19.2
2026-03-28,PRD0040,2089,902,2,17.7
2026-04-04,PRD0040,1748,844,3,16.5
2026-04-11,PRD0040,1709,826,3,17.3
2026-04-18,PRD0040,1669,791,2,15.3
2026-04-25,PRD0040,1673,729,2,15.1
2026-05-02,PRD0040,1919,682,3,17.9
2026-05-09,PRD0040,1681,831,2,14.9
2026-05-16,PRD0040,2046,733,3,20.2
2026-05-23,PRD0040,1697,884,2,15.3
2026-05-30,PRD0040,1671,635,3,15.9
2026-06-06,PRD0040,1615,807,2,15.3
2026-06-13,PRD0040,1635,694,2,14.4
2026-06-20,PRD0040,1804,811,3,18.6
2026-06-27,PRD0040,1631,760,2,14.0
2025-01-20,PRD0041,7416,4062,15,81.5
2025-01-27,PRD0041,8070,2893,13,78.6
2025-02-03,PRD0041,7676,4118,13,75.5
2025-02-10,PRD0041,7083,2923,11,69.9
2025-02-17,PRD0041,7412,3189,17,80.1
2025-02-24,PRD0041,7235,3610,13,74.9
2025-03-03,PRD0041,7021,3382,9,59.7
2025-03-10,PRD0041,8660,4431,12,75.9
2025-03-17,PRD0041,6559,3201,8,55.2
2025-03-24,PRD0041,7102,2793,16,74.8
2025-03-31,PRD0041,7637,3453,17,86.3
2025-04-07,PRD0041,8131,3027,14,81.6
2025-04-14,PRD0041,6873,3450,13,71.0
2025-04-21,PRD0041,7930,3688,14,80.7
2025-04-28,PRD0041,7702,3002,16,75.3
2025-05-05,PRD0041,7025,3065,11,69.6
2025-05-12,PRD0041,8235,4045,10,71.3
2025-05-19,PRD0041,6283,2622,10,57.4
2025-05-26,PRD0041,5996,2154,10,56.4
2025-06-02,PRD0041,6761,3109,6,54.4
2025-06-09,PRD0041,6409,3323,9,60.7
2025-06-16,PRD0041,5486,1985,6,48.8
2025-06-23,PRD0041,4768,2084,4,37.2
2025-06-30,PRD0041,5270,2062,7,48.7
2025-07-07,PRD0041,4606,2496,3,35.7
2025-07-14,PRD0041,3538,1476,2,27.4
2025-07-21,PRD0041,4123,2125,3,32.1
2025-07-28,PRD0041,3349,1376,3,25.5
2025-08-04,PRD0041,2771,1250,1,21.2
2025-08-11,PRD0041,2610,1264,2,21.6
2025-08-18,PRD0041,2980,1317,1,22.5
2025-08-25,PRD0041,2350,1263,1,17.8
2025-09-01,PRD0041,2565,1150,1,17.3
2025-09-08,PRD0041,2312,1190,0,15.3
2025-09-15,PRD0041,2086,1087,1,14.9
2025-09-22,PRD0041,1665,784,0,10.2
2025-09-29,PRD0041,1894,796,0,12.5
2025-10-06,PRD0041,1541,752,0,10.0
2025-10-13,PRD0041,1346,663,0,9.0
2025-10-20,PRD0041,1538,791,0,10.4
2025-10-27,PRD0041,1301,671,0,8.4
2025-11-03,PRD0041,1253,580,0,7.9
2025-11-10,PRD0041,1072,468,0,7.3
2025-11-17,PRD0041,1284,598,0,8.3
2025-11-24,PRD0041,1027,486,0,7.2
2025-12-01,PRD0041,1241,576,0,7.5
2025-12-08,PRD0041,1247,550,0,8.1
2025-12-15,PRD0041,1214,631,0,7.6
2025-12-22,PRD0041,1044,492,0,6.6
2025-12-29,PRD0041,1061,549,0,7.0
2026-01-05,PRD0041,1231,562,0,8.6
2026-01-12,PRD0041,1179,419,0,7.1
2026-01-19,PRD0041,1206,546,0,7.2
2026-01-26,PRD0041,1018,537,0,6.5
2026-02-02,PRD0041,991,426,0,6.8
2026-02-09,PRD0041,1165,470,0,7.4
2026-02-16,PRD0041,1054,486,0,6.9
2026-02-23,PRD0041,1255,522,0,8.6
2026-03-02,PRD0041,1191,592,0,8.2
2026-03-09,PRD0041,1169,506,0,7.0
2026-03-16,PRD0041,1132,480,0,6.8
2026-03-23,PRD0041,1097,469,0,6.7
2026-03-30,PRD0041,1246,524,0,8.6
2026-04-06,PRD0041,1111,410,0,7.3
2026-04-13,PRD0041,1315,635,0,8.3
2026-04-20,PRD0041,995,499,0,6.9
2026-04-27,PRD0041,1161,443,0,7.9
2026-05-04,PRD0041,1195,467,0,8.0
2026-05-11,PRD0041,1071,438,0,6.7
2026-05-18,PRD0041,1301,557,0,8.3
2026-05-25,PRD0041,1289,554,0,7.9
2026-06-01,PRD0041,1108,562,0,7.0
2026-06-08,PRD0041,1184,620,0,8.2
2026-06-15,PRD0041,1041,542,0,6.3
2026-06-22,PRD0041,1299,622,0,8.8
2026-06-29,PRD0041,1084,574,0,6.8
2025-02-11,PRD0042,6538,2775,9,59.5
2025-02-18,PRD0042,5428,2820,11,57.0
2025-02-25,PRD0042,5684,2545,7,47.8
2025-03-04,PRD0042,5721,2400,7,52.4
2025-03-11,PRD0042,6676,3132,8,56.7
2025-03-18,PRD0042,5350,2070,7,51.2
2025-03-25,PRD0042,6798,3438,10,66.4
2025-04-01,PRD0042,5378,2925,9,51.9
2025-04-08,PRD0042,5608,2683,11,58.9
2025-04-15,PRD0042,6123,3015,9,55.8
2025-04-22,PRD0042,5446,2634,7,51.6
2025-04-29,PRD0042,5372,2803,7,45.7
2025-05-06,PRD0042,6027,2699,11,60.1
2025-05-13,PRD0042,5218,2782,9,52.5
2025-05-20,PRD0042,5775,2713,8,52.8
2025-05-27,PRD0042,5606,2220,9,51.6
2025-06-03,PRD0042,6515,2667,14,72.1
2025-06-10,PRD0042,6661,2725,14,74.3
2025-06-17,PRD0042,5334,2486,10,58.2
2025-06-24,PRD0042,5949,2391,13,65.0
2025-07-01,PRD0042,5185,2054,9,47.5
2025-07-08,PRD0042,5472,2495,9,56.2
2025-07-15,PRD0042,5243,2045,11,55.7
2025-07-22,PRD0042,6205,2397,14,67.8
2025-07-29,PRD0042,6033,3184,13,65.1
2025-08-05,PRD0042,5756,2215,10,54.3
2025-08-12,PRD0042,5634,2597,8,53.7
2025-08-19,PRD0042,5685,2128,11,57.6
2025-08-26,PRD0042,6622,2599,10,59.9
2025-09-02,PRD0042,6587,3338,8,58.5
2025-09-09,PRD0042,6679,2813,13,65.5
2025-09-16,PRD0042,5624,2397,7,50.0
2025-09-23,PRD0042,6460,3467,12,64.4
2025-09-30,PRD0042,6803,3723,9,64.7
2025-10-07,PRD0042,5366,2526,8,49.5
2025-10-14,PRD0042,6553,2636,14,65.1
2025-10-21,PRD0042,6181,2887,7,50.0
2025-10-28,PRD0042,5206,2442,8,47.4
2025-11-04,PRD0042,5150,2735,11,56.5
2025-11-11,PRD0042,5734,2116,7,51.7
2025-11-18,PRD0042,6318,2578,9,60.0
2025-11-25,PRD0042,5823,2895,10,57.5
2025-12-02,PRD0042,6238,3354,13,67.1
2025-12-09,PRD0042,5946,2521,8,57.7
2025-12-16,PRD0042,5789,2923,10,58.3
2025-12-23,PRD0042,6151,3080,8,55.7
2025-12-30,PRD0042,5320,2492,7,45.1
2026-01-06,PRD0042,6466,2861,11,65.0
2026-01-13,PRD0042,6316,3007,8,53.5
2026-01-20,PRD0042,6075,2354,11,64.3
2026-01-27,PRD0042,6743,2983,15,75.9
2026-02-03,PRD0042,6075,3239,9,55.5
2026-02-10,PRD0042,5298,2136,12,57.2
2026-02-17,PRD0042,6493,2480,15,76.8
2026-02-24,PRD0042,5308,2051,7,44.7
2026-03-03,PRD0042,6073,2540,10,59.3
2026-03-10,PRD0042,6520,3035,12,70.7
2026-03-17,PRD0042,6627,2425,15,70.5
2026-03-24,PRD0042,5140,2643,10,53.9
2026-03-31,PRD0042,6776,3680,13,70.8
2026-04-07,PRD0042,5421,2011,9,49.1
2026-04-14,PRD0042,5689,2628,9,53.9
2026-04-21,PRD0042,5494,2827,9,54.3
2026-04-28,PRD0042,6306,3146,11,57.8
2026-05-05,PRD0042,6423,3482,7,58.3
2026-05-12,PRD0042,5694,2136,9,56.6
2026-05-19,PRD0042,5339,2483,11,52.5
2026-05-26,PRD0042,5568,2903,7,50.4
2026-06-02,PRD0042,5976,2252,13,62.7
2026-06-09,PRD0042,5559,2419,10,57.3
2026-06-16,PRD0042,5712,2610,7,50.8
2026-06-23,PRD0042,5341,2172,6,43.8
2026-06-30,PRD0042,5502,2433,9,56.6
2025-09-02,PRD0043,3076,1542,4,27.5
2025-09-09,PRD0043,3088,1296,6,31.3
2025-09-16,PRD0043,3117,1311,6,29.8
2025-09-23,PRD0043,2875,1198,4,28.0
2025-09-30,PRD0043,3629,1974,4,32.0
2025-10-07,PRD0043,3164,1528,4,27.6
2025-10-14,PRD0043,3259,1385,6,33.2
2025-10-21,PRD0043,3230,1640,4,28.3
2025-10-28,PRD0043,3117,1687,6,32.7
2025-11-04,PRD0043,3717,1978,6,34.1
2025-11-11,PRD0043,2897,1105,5,30.8
2025-11-18,PRD0043,3083,1290,4,26.5
2025-11-25,PRD0043,3132,1256,5,31.0
2025-12-02,PRD0043,2900,1376,4,28.5
2025-12-09,PRD0043,2665,1111,4,25.6
2025-12-16,PRD0043,2405,862,2,18.4
2025-12-23,PRD0043,2031,711,2,16.3
2025-12-30,PRD0043,1820,712,1,14.5
2026-01-06,PRD0043,1616,649,1,11.7
2026-01-13,PRD0043,1511,624,1,10.9
2026-01-20,PRD0043,1656,718,1,13.1
2026-01-27,PRD0043,1516,714,1,12.6
2026-02-03,PRD0043,1219,557,1,10.5
2026-02-10,PRD0043,1358,711,1,10.5
2026-02-17,PRD0043,1102,568,0,7.4
2026-02-24,PRD0043,1225,458,0,7.6
2026-03-03,PRD0043,1018,468,0,6.2
2026-03-10,PRD0043,911,470,0,6.1
2026-03-17,PRD0043,816,440,0,5.5
2026-03-24,PRD0043,857,335,0,5.7
2026-03-31,PRD0043,791,392,0,5.0
2026-04-07,PRD0043,625,250,0,3.8
2026-04-14,PRD0043,741,398,0,4.8
2026-04-21,PRD0043,603,213,0,3.9
2026-04-28,PRD0043,618,336,0,3.7
2026-05-05,PRD0043,600,237,0,3.6
2026-05-12,PRD0043,501,188,0,3.1
2026-05-19,PRD0043,537,241,0,3.6
2026-05-26,PRD0043,462,186,0,2.9
2026-06-02,PRD0043,441,209,0,2.8
2026-06-09,PRD0043,570,215,0,4.0
2026-06-16,PRD0043,541,249,0,3.5
2026-06-23,PRD0043,572,246,0,3.6
2026-06-30,PRD0043,558,283,0,3.4
2025-09-20,PRD0044,6212,3036,12,60.6
2025-09-27,PRD0044,4970,2269,9,46.3
2025-10-04,PRD0044,5319,2421,7,47.3
2025-10-11,PRD0044,4886,1721,9,48.9
2025-10-18,PRD0044,5907,2133,13,66.5
2025-10-25,PRD0044,4855,2024,10,50.2
2025-11-01,PRD0044,6161,3045,7,52.5
2025-11-08,PRD0044,5495,2520,6,46.2
2025-11-15,PRD0044,5607,2313,7,50.1
2025-11-22,PRD0044,5033,2723,9,46.5
2025-11-29,PRD0044,6154,2419,10,56.7
2025-12-06,PRD0044,6121,2943,8,51.9
2025-12-13,PRD0044,5147,2638,9,52.9
2025-12-20,PRD0044,5602,2045,9,51.0
2025-12-27,PRD0044,5004,2556,7,48.8
2026-01-03,PRD0044,6004,2436,10,55.0
2026-01-10,PRD0044,5642,2617,10,60.4
2026-01-17,PRD0044,4917,2541,8,46.1
2026-01-24,PRD0044,5491,3001,7,47.3
2026-01-31,PRD0044,5312,2769,12,54.6
2026-02-07,PRD0044,5412,1994,9,49.8
2026-02-14,PRD0044,5108,2718,7,43.8
2026-02-21,PRD0044,6418,3419,12,60.3
2026-02-28,PRD0044,5261,2621,9,54.5
2026-03-07,PRD0044,6298,2677,7,56.1
2026-03-14,PRD0044,5514,2619,8,49.3
2026-03-21,PRD0044,5022,2168,9,51.0
2026-03-28,PRD0044,5310,2450,12,59.5
2026-04-04,PRD0044,5259,2203,10,54.4
2026-04-11,PRD0044,5396,2301,7,45.8
2026-04-18,PRD0044,5932,2455,13,64.7
2026-04-25,PRD0044,6227,2392,10,63.5
2026-05-02,PRD0044,6485,3181,13,70.6
2026-05-09,PRD0044,6301,2527,11,65.2
2026-05-16,PRD0044,6340,2870,10,58.0
2026-05-23,PRD0044,5444,1969,6,47.3
2026-05-30,PRD0044,5330,2141,9,50.0
2026-06-06,PRD0044,6192,2857,8,56.4
2026-06-13,PRD0044,5770,2585,11,59.6
2026-06-20,PRD0044,4946,2028,6,44.3
2026-06-27,PRD0044,6032,2749,13,68.5
2025-06-17,PRD0045,2486,1348,4,25.2
2025-06-24,PRD0045,2788,1522,4,25.0
2025-07-01,PRD0045,2520,1108,5,26.1
2025-07-08,PRD0045,2274,1056,4,22.0
2025-07-15,PRD0045,2516,955,5,24.8
2025-07-22,PRD0045,2952,1150,6,31.8
2025-07-29,PRD0045,2755,1441,4,25.0
2025-08-05,PRD0045,2639,924,3,23.2
2025-08-12,PRD0045,2456,1224,5,25.5
2025-08-19,PRD0045,2183,765,3,20.9
2025-08-26,PRD0045,1730,692,2,14.0
2025-09-02,PRD0045,2041,752,2,17.8
2025-09-09,PRD0045,1543,751,1,11.9
2025-09-16,PRD0045,1675,902,1,12.8
2025-09-23,PRD0045,1297,456,1,10.1
2025-09-30,PRD0045,1545,566,1,12.7
2025-10-07,PRD0045,1491,637,0,9.0
2025-10-14,PRD0045,1337,625,0,8.3
2025-10-21,PRD0045,1255,620,0,8.1
2025-10-28,PRD0045,1081,396,0,7.1
2025-11-04,PRD0045,1067,443,0,7.0
2025-11-11,PRD0045,855,302,0,5.8
2025-11-18,PRD0045,782,305,0,4.9
2025-11-25,PRD0045,817,347,0,5.4
2025-12-02,PRD0045,851,344,0,5.5
2025-12-09,PRD0045,631,290,0,4.2
2025-12-16,PRD0045,577,290,0,3.9
2025-12-23,PRD0045,524,206,0,3.6
2025-12-30,PRD0045,459,248,0,2.8
2026-01-06,PRD0045,554,248,0,3.8
2026-01-13,PRD0045,501,211,0,3.2
2026-01-20,PRD0045,473,198,0,2.8
2026-01-27,PRD0045,399,218,0,2.4
2026-02-03,PRD0045,339,126,0,2.1
2026-02-10,PRD0045,400,166,0,2.5
2026-02-17,PRD0045,373,196,0,2.5
2026-02-24,PRD0045,358,154,0,2.2
2026-03-03,PRD0045,344,126,0,2.4
2026-03-10,PRD0045,350,185,0,2.4
2026-03-17,PRD0045,335,123,0,2.3
2026-03-24,PRD0045,410,144,0,2.6
2026-03-31,PRD0045,438,220,0,3.1
2026-04-07,PRD0045,371,133,0,2.5
2026-04-14,PRD0045,440,190,0,2.9
2026-04-21,PRD0045,439,163,0,2.7
2026-04-28,PRD0045,410,208,0,2.9
2026-05-05,PRD0045,425,170,0,3.0
2026-05-12,PRD0045,443,202,0,2.8
2026-05-19,PRD0045,406,209,0,2.5
2026-05-26,PRD0045,327,140,0,2.2
2026-06-02,PRD0045,435,220,0,3.0
2026-06-09,PRD0045,336,179,0,2.3
2026-06-16,PRD0045,390,176,0,2.6
2026-06-23,PRD0045,381,139,0,2.3
2026-06-30,PRD0045,329,142,0,2.2
2026-01-20,PRD0046,7117,3296,17,85.2
2026-01-27,PRD0046,6714,2770,10,60.3
2026-02-03,PRD0046,6551,3244,14,72.6
2026-02-10,PRD0046,7672,4139,10,67.6
2026-02-17,PRD0046,7875,4084,15,83.5
2026-02-24,PRD0046,6800,2729,14,66.2
2026-03-03,PRD0046,7336,3581,15,78.6
2026-03-10,PRD0046,6628,2483,13,69.6
2026-03-17,PRD0046,8186,3760,10,68.8
2026-03-24,PRD0046,6994,3646,11,64.9
2026-03-31,PRD0046,7194,3362,11,72.1
2026-04-07,PRD0046,7570,2920,9,66.9
2026-04-14,PRD0046,7760,3367,9,67.0
2026-04-21,PRD0046,7018,3542,11,62.9
2026-04-28,PRD0046,6658,2388,8,61.7
2026-05-05,PRD0046,7271,2829,15,71.6
2026-05-12,PRD0046,8077,3226,9,72.3
2026-05-19,PRD0046,6545,3090,15,71.0
2026-05-26,PRD0046,8298,3302,11,77.9
2026-06-02,PRD0046,7885,3556,9,64.1
2026-06-09,PRD0046,6799,3738,9,62.6
2026-06-16,PRD0046,7679,3597,14,82.7
2026-06-23,PRD0046,6611,3381,8,54.2
2026-06-30,PRD0046,7105,3817,15,72.4
2025-09-06,PRD0047,4333,1946,5,39.8
2025-09-13,PRD0047,4347,2003,5,39.5
2025-09-20,PRD0047,4496,2254,10,46.1
2025-09-27,PRD0047,4620,1944,9,51.1
2025-10-04,PRD0047,4624,2285,6,42.3
2025-10-11,PRD0047,3770,2057,6,36.3
2025-10-18,PRD0047,4475,2390,8,41.8
2025-10-25,PRD0047,4585,1917,7,41.2
2025-11-01,PRD0047,3570,1586,4,31.1
2025-11-08,PRD0047,4475,1963,9,46.4
2025-11-15,PRD0047,4368,2051,5,36.5
2025-11-22,PRD0047,3561,1542,6,35.1
2025-11-29,PRD0047,4045,2046,7,42.0
2025-12-06,PRD0047,3583,1399,6,36.4
2025-12-13,PRD0047,4192,1789,7,42.6
2025-12-20,PRD0047,4073,1820,8,39.1
2025-12-27,PRD0047,4488,2073,5,41.3
2026-01-03,PRD0047,3646,1485,4,32.6
2026-01-10,PRD0047,4090,2073,7,43.1
2026-01-17,PRD0047,3464,1329,5,34.1
2026-01-24,PRD0047,3661,1843,5,33.0
2026-01-31,PRD0047,3651,1986,4,31.9
2026-02-07,PRD0047,4380,1869,8,43.3
2026-02-14,PRD0047,3852,1699,6,36.6
2026-02-21,PRD0047,3896,1708,7,36.4
2026-02-28,PRD0047,4175,1560,7,43.8
2026-03-07,PRD0047,4552,2227,10,52.4
2026-03-14,PRD0047,3534,1275,4,30.3
2026-03-21,PRD0047,3786,1435,4,32.3
2026-03-28,PRD0047,3438,1339,4,32.2
2026-04-04,PRD0047,4409,2004,6,42.1
2026-04-11,PRD0047,3767,1478,7,35.9
2026-04-18,PRD0047,4077,1608,5,36.5
2026-04-25,PRD0047,3780,1372,4,31.4
2026-05-02,PRD0047,3555,1546,7,34.4
2026-05-09,PRD0047,3445,1797,4,28.3
2026-05-16,PRD0047,4528,1926,9,48.9
2026-05-23,PRD0047,4290,2350,8,42.8
2026-05-30,PRD0047,4386,1737,9,46.9
2026-06-06,PRD0047,3825,1575,5,32.0
2026-06-13,PRD0047,3446,1287,7,38.3
2026-06-20,PRD0047,3934,1981,5,35.4
2026-06-27,PRD0047,4403,2234,9,43.5
2025-02-12,PRD0048,4364,2009,6,41.7
2025-02-19,PRD0048,4881,1841,10,54.4
2025-02-26,PRD0048,4939,2054,6,42.0
2025-03-05,PRD0048,4232,1957,7,40.2
2025-03-12,PRD0048,4083,1736,9,41.0
2025-03-19,PRD0048,4627,2173,6,43.3
2025-03-26,PRD0048,3765,1540,5,35.6
2025-04-02,PRD0048,4853,2057,7,47.1
2025-04-09,PRD0048,4359,1557,5,35.8
2025-04-16,PRD0048,4349,1575,7,39.5
2025-04-23,PRD0048,4248,1710,8,43.4
2025-04-30,PRD0048,4587,1816,9,44.2
2025-05-07,PRD0048,3869,1600,9,42.9
2025-05-14,PRD0048,4765,2514,7,41.7
2025-05-21,PRD0048,4139,2149,8,43.6
2025-05-28,PRD0048,4246,1623,5,36.0
2025-06-04,PRD0048,4733,2305,7,42.0
2025-06-11,PRD0048,4336,1998,9,49.2
2025-06-18,PRD0048,4333,1887,5,37.6
2025-06-25,PRD0048,4919,2393,6,46.7
2025-07-02,PRD0048,4875,2394,11,50.8
2025-07-09,PRD0048,4465,2385,7,43.9
2025-07-16,PRD0048,4213,1580,9,44.5
2025-07-23,PRD0048,4406,1960,5,40.7
2025-07-30,PRD0048,4657,2372,8,48.9
2025-08-06,PRD0048,5052,2365,7,43.3
2025-08-13,PRD0048,4182,1773,6,35.9
2025-08-20,PRD0048,4781,2330,11,53.4
2025-08-27,PRD0048,3932,1533,6,34.9
2025-09-03,PRD0048,4935,2315,8,51.0
2025-09-10,PRD0048,4766,1967,9,50.3
2025-09-17,PRD0048,4284,1548,7,42.1
2025-09-24,PRD0048,4352,2141,7,39.7
2025-10-01,PRD0048,4863,2272,10,49.1
2025-10-08,PRD0048,4772,1918,10,50.3
2025-10-15,PRD0048,4876,2437,6,44.9
2025-10-22,PRD0048,3978,1954,5,36.4
2025-10-29,PRD0048,4377,1625,5,38.0
2025-11-05,PRD0048,4230,2230,7,38.7
2025-11-12,PRD0048,4390,1907,5,37.1
2025-11-19,PRD0048,4555,2089,6,39.8
2025-11-26,PRD0048,4470,2080,6,40.0
2025-12-03,PRD0048,4981,2575,11,49.8
2025-12-10,PRD0048,4512,2306,6,43.5
2025-12-17,PRD0048,4726,2594,11,54.5
2025-12-24,PRD0048,3759,2065,8,38.1
2025-12-31,PRD0048,4265,1915,5,37.0
2026-01-07,PRD0048,3774,1374,6,38.4
2026-01-14,PRD0048,3766,1480,9,41.4
2026-01-21,PRD0048,3997,2108,4,33.0
2026-01-28,PRD0048,3755,1338,7,36.4
2026-02-04,PRD0048,4286,1893,6,38.2
2026-02-11,PRD0048,4503,2344,10,48.3
2026-02-18,PRD0048,4484,2271,7,41.1
2026-02-25,PRD0048,4473,2048,10,45.1
2026-03-04,PRD0048,4265,2285,6,37.3
2026-03-11,PRD0048,4202,2082,9,45.2
2026-03-18,PRD0048,3884,1828,8,39.1
2026-03-25,PRD0048,4350,1659,9,43.6
2026-04-01,PRD0048,4877,1863,9,51.7
2026-04-08,PRD0048,4034,1938,6,39.5
2026-04-15,PRD0048,4819,1743,10,52.5
2026-04-22,PRD0048,4338,2078,9,45.4
2026-04-29,PRD0048,3960,1896,6,35.7
2026-05-06,PRD0048,4386,2081,8,43.3
2026-05-13,PRD0048,4338,1518,9,45.3
2026-05-20,PRD0048,4818,2089,8,45.9
2026-05-27,PRD0048,4285,2246,6,39.8
2026-06-03,PRD0048,4618,2468,8,48.0
2026-06-10,PRD0048,3967,1425,5,33.2
2026-06-17,PRD0048,4231,2179,6,41.1
2026-06-24,PRD0048,4559,1850,8,48.1
2025-01-13,PRD0049,6299,2423,8,60.5
2025-01-20,PRD0049,5677,2183,13,59.8
2025-01-27,PRD0049,5345,2035,8,51.5
2025-02-03,PRD0049,5832,3036,7,52.5
2025-02-10,PRD0049,6565,3596,10,65.0
2025-02-17,PRD0049,6480,2311,14,70.3
2025-02-24,PRD0049,6720,3438,10,65.9
2025-03-03,PRD0049,6371,3191,9,62.4
2025-03-10,PRD0049,5764,2301,13,63.7
2025-03-17,PRD0049,5465,2800,6,47.7
2025-03-24,PRD0049,6586,3622,9,56.9
2025-03-31,PRD0049,7001,2827,10,61.6
2025-04-07,PRD0049,6290,2760,10,61.3
2025-04-14,PRD0049,5798,3043,11,55.8
2025-04-21,PRD0049,5325,2015,12,57.1
2025-04-28,PRD0049,5360,2368,10,52.5
2025-05-05,PRD0049,5342,1885,7,50.4
2025-05-12,PRD0049,5715,2106,8,52.3
2025-05-19,PRD0049,6368,3243,12,61.6
2025-05-26,PRD0049,6044,2965,7,51.9
2025-06-02,PRD0049,6553,2461,11,68.5
2025-06-09,PRD0049,6094,2317,13,66.3
2025-06-16,PRD0049,5956,2540,13,60.5
2025-06-23,PRD0049,5268,2497,7,50.2
2025-06-30,PRD0049,5642,1979,10,57.6
2025-07-07,PRD0049,6842,3629,10,60.4
2025-07-14,PRD0049,5334,2044,7,47.2
2025-07-21,PRD0049,5645,2350,6,45.4
2025-07-28,PRD0049,5608,2828,7,51.2
2025-08-04,PRD0049,5773,2789,7,53.9
2025-08-11,PRD0049,6115,2863,12,60.8
2025-08-18,PRD0049,6337,2378,12,62.1
2025-08-25,PRD0049,5463,2972,9,50.9
2025-09-01,PRD0049,6730,3201,13,71.2
2025-09-08,PRD0049,6216,2311,8,59.7
2025-09-15,PRD0049,5235,2640,9,47.9
2025-09-22,PRD0049,6129,2613,11,65.6
2025-09-29,PRD0049,6844,3432,13,75.1
2025-10-06,PRD0049,6013,2219,13,68.8
2025-10-13,PRD0049,5527,2450,10,53.6
2025-10-20,PRD0049,6020,2176,10,59.9
2025-10-27,PRD0049,6669,2813,12,63.6
2025-11-03,PRD0049,6583,2530,14,72.2
2025-11-10,PRD0049,6531,2909,11,60.7
2025-11-17,PRD0049,6584,2654,11,65.8
2025-11-24,PRD0049,6657,2812,15,76.6
2025-12-01,PRD0049,6396,2646,10,63.8
2025-12-08,PRD0049,5943,2740,8,57.3
2025-12-15,PRD0049,5237,1944,7,49.4
2025-12-22,PRD0049,6444,3074,9,62.9
2025-12-29,PRD0049,5774,2219,9,55.8
2026-01-05,PRD0049,5685,2194,6,51.3
2026-01-12,PRD0049,5533,2116,12,55.6
2026-01-19,PRD0049,6271,2414,7,50.3
2026-01-26,PRD0049,6515,2824,9,61.7
2026-02-02,PRD0049,5294,2286,6,49.1
2026-02-09,PRD0049,6865,3539,8,61.0
2026-02-16,PRD0049,6014,2327,10,56.7
2026-02-23,PRD0049,5294,2612,10,50.2
2026-03-02,PRD0049,6622,3079,9,63.0
2026-03-09,PRD0049,6214,2395,8,58.9
2026-03-16,PRD0049,5394,2912,7,51.4
2026-03-23,PRD0049,6502,2821,7,56.2
2026-03-30,PRD0049,6071,2925,9,55.1
2026-04-06,PRD0049,5425,2642,9,55.6
2026-04-13,PRD0049,6095,2664,8,53.4
2026-04-20,PRD0049,6527,3215,10,57.3
2026-04-27,PRD0049,5821,2576,8,52.8
2026-05-04,PRD0049,6041,2628,8,52.5
2026-05-11,PRD0049,5426,2965,12,61.3
2026-05-18,PRD0049,5432,2599,11,54.7
2026-05-25,PRD0049,6534,3547,10,66.2
2026-06-01,PRD0049,6539,2797,10,65.0
2026-06-08,PRD0049,5435,2716,9,52.6
2026-06-15,PRD0049,6435,2752,10,65.6
2026-06-22,PRD0049,6869,3437,11,68.1
2026-06-29,PRD0049,6677,3144,9,65.4
2026-04-16,PRD0050,8555,4499,18,90.3
2026-04-23,PRD0050,8648,3199,16,81.0
2026-04-30,PRD0050,6840,3551,13,70.5
2026-05-07,PRD0050,7041,3446,8,58.2
2026-05-14,PRD0050,7950,3490,12,72.4
2026-05-21,PRD0050,8438,3237,12,77.4
2026-05-28,PRD0050,7423,2889,16,80.3
2026-06-04,PRD0050,7688,3860,9,66.1
2026-06-11,PRD0050,7325,3349,15,75.4
2026-06-18,PRD0050,8420,3650,15,81.1
2026-06-25,PRD0050,7733,3012,13,78.0
2026-05-11,PRD0051,4272,1505,10,48.0
2026-05-18,PRD0051,4514,2369,8,43.6
2026-05-25,PRD0051,5273,2128,6,47.6
2026-06-01,PRD0051,4525,2289,8,47.3
2026-06-08,PRD0051,4227,2139,7,38.5
2026-06-15,PRD0051,5170,1861,9,52.3
2026-06-22,PRD0051,4785,1764,7,44.8
2026-06-29,PRD0051,5516,2219,8,47.9
2025-03-30,PRD0052,6857,3431,15,79.1
2025-04-06,PRD0052,7490,3244,17,86.2
2025-04-13,PRD0052,6972,3662,14,71.5
2025-04-20,PRD0052,8838,4686,18,90.7
2025-04-27,PRD0052,7362,3598,13,76.8
2025-05-04,PRD0052,8419,3908,19,86.8
2025-05-11,PRD0052,7782,3806,14,73.2
2025-05-18,PRD0052,8491,3495,10,74.2
2025-05-25,PRD0052,8642,3996,10,81.2
2025-06-01,PRD0052,7518,3763,12,70.5
2025-06-08,PRD0052,6749,3314,11,69.5
2025-06-15,PRD0052,8056,3215,9,69.7
2025-06-22,PRD0052,7698,3019,16,80.9
2025-06-29,PRD0052,8525,4526,15,79.9
2025-07-06,PRD0052,8392,3643,19,91.3
2025-07-13,PRD0052,8015,3256,10,66.3
2025-07-20,PRD0052,7867,3552,14,76.4
2025-07-27,PRD0052,7845,3262,15,84.3
2025-08-03,PRD0052,7574,3789,14,73.1
2025-08-10,PRD0052,8262,3171,15,84.5
2025-08-17,PRD0052,8658,4339,20,88.3
2025-08-24,PRD0052,8648,4408,16,92.1
2025-08-31,PRD0052,8648,4128,16,82.6
2025-09-07,PRD0052,6941,3061,10,68.2
2025-09-14,PRD0052,7690,2811,15,81.5
2025-09-21,PRD0052,6534,2556,12,68.5
2025-09-28,PRD0052,5583,2993,8,54.9
2025-10-05,PRD0052,6535,3045,6,57.0
2025-10-12,PRD0052,4790,2629,7,47.8
2025-10-19,PRD0052,5189,2250,5,46.0
2025-10-26,PRD0052,5071,2245,5,45.4
2025-11-02,PRD0052,4087,2109,4,32.6
2025-11-09,PRD0052,3511,1373,3,28.8
2025-11-16,PRD0052,3447,1816,3,27.1
2025-11-23,PRD0052,3638,1738,3,27.7
2025-11-30,PRD0052,3237,1766,2,26.8
2025-12-07,PRD0052,2582,1079,1,17.8
2025-12-14,PRD0052,3147,1435,2,23.5
2025-12-21,PRD0052,2567,1296,1,17.9
2025-12-28,PRD0052,2065,1082,1,15.9
2026-01-04,PRD0052,2168,938,1,17.1
2026-01-11,PRD0052,1906,911,0,12.7
2026-01-18,PRD0052,1901,885,0,13.1
2026-01-25,PRD0052,1586,825,0,10.4
2026-02-01,PRD0052,1385,720,0,8.8
2026-02-08,PRD0052,1394,500,0,9.7
2026-02-15,PRD0052,1321,541,0,8.0
2026-02-22,PRD0052,1271,452,0,8.7
2026-03-01,PRD0052,1159,498,0,7.7
2026-03-08,PRD0052,1060,555,0,6.7
2026-03-15,PRD0052,1264,450,0,8.2
2026-03-22,PRD0052,1232,669,0,7.6
2026-03-29,PRD0052,1222,449,0,7.3
2026-04-05,PRD0052,1241,612,0,7.9
2026-04-12,PRD0052,1281,552,0,8.4
2026-04-19,PRD0052,1296,515,0,7.8
2026-04-26,PRD0052,1061,567,0,7.3
2026-05-03,PRD0052,1094,454,0,7.3
2026-05-10,PRD0052,1088,598,0,7.5
2026-05-17,PRD0052,1028,362,0,7.0
2026-05-24,PRD0052,1049,401,0,6.5
2026-05-31,PRD0052,1206,648,0,7.5
2026-06-07,PRD0052,1002,461,0,6.5
2026-06-14,PRD0052,1326,479,0,8.8
2026-06-21,PRD0052,1046,523,0,6.6
2026-06-28,PRD0052,1314,540,0,8.2
2025-12-11,PRD0053,8494,4161,16,90.3
2025-12-18,PRD0053,6975,2463,9,61.9
2025-12-25,PRD0053,7758,4109,11,67.7
2026-01-01,PRD0053,6845,3762,7,57.0
2026-01-08,PRD0053,6220,2366,6,49.1
2026-01-15,PRD0053,5724,2927,7,51.8
2026-01-22,PRD0053,5171,1886,5,42.1
2026-01-29,PRD0053,5985,3118,7,49.9
2026-02-05,PRD0053,5630,2179,5,44.1
2026-02-12,PRD0053,4840,1818,4,38.6
2026-02-19,PRD0053,5162,2394,4,39.4
2026-02-26,PRD0053,4327,2025,4,36.5
2026-03-05,PRD0053,4081,2030,4,35.6
2026-03-12,PRD0053,3442,1585,2,28.2
2026-03-19,PRD0053,3358,1508,2,25.2
2026-03-26,PRD0053,2744,1027,1,18.8
2026-04-02,PRD0053,3324,1330,2,24.5
2026-04-09,PRD0053,2839,1417,2,22.7
2026-04-16,PRD0053,2223,782,0,13.5
2026-04-23,PRD0053,2403,1157,1,17.3
2026-04-30,PRD0053,2331,1255,1,16.6
2026-05-07,PRD0053,1883,671,0,13.1
2026-05-14,PRD0053,1744,616,0,11.5
2026-05-21,PRD0053,1910,990,0,11.5
2026-05-28,PRD0053,1566,650,0,9.9
2026-06-04,PRD0053,1584,775,0,9.5
2026-06-11,PRD0053,1503,571,0,9.4
2026-06-18,PRD0053,1154,619,0,7.4
2026-06-25,PRD0053,1139,613,0,7.5
2025-09-22,PRD0054,5026,2701,11,56.8
2025-09-29,PRD0054,5739,3125,12,62.1
2025-10-06,PRD0054,6270,2698,8,52.1
2025-10-13,PRD0054,5618,2375,10,51.7
2025-10-20,PRD0054,5859,2529,13,62.8
2025-10-27,PRD0054,5379,2399,11,57.7
2025-11-03,PRD0054,6058,3287,9,60.0
2025-11-10,PRD0054,5339,2717,8,48.4
2025-11-17,PRD0054,6021,2490,14,68.0
2025-11-24,PRD0054,5632,2668,12,56.3
2025-12-01,PRD0054,4901,2195,7,43.2
2025-12-08,PRD0054,5656,3077,7,49.8
2025-12-15,PRD0054,6100,3064,8,51.4
2025-12-22,PRD0054,5994,3096,12,63.2
2025-12-29,PRD0054,6040,2827,10,56.0
2026-01-05,PRD0054,5594,2170,11,60.6
2026-01-12,PRD0054,6260,2579,13,63.9
2026-01-19,PRD0054,5848,2958,10,53.3
2026-01-26,PRD0054,6087,2781,13,67.7
2026-02-02,PRD0054,5349,1942,12,53.7
2026-02-09,PRD0054,6235,2697,8,58.3
2026-02-16,PRD0054,4934,2191,6,46.6
2026-02-23,PRD0054,5760,2915,9,54.8
2026-03-02,PRD0054,5219,2512,11,56.2
2026-03-09,PRD0054,4946,2078,7,44.1
2026-03-16,PRD0054,5841,2130,12,61.5
2026-03-23,PRD0054,5398,2477,6,48.5
2026-03-30,PRD0054,4975,2631,8,46.3
2026-04-06,PRD0054,6173,2645,10,60.6
2026-04-13,PRD0054,5012,2153,9,52.6
2026-04-20,PRD0054,4818,1960,9,51.8
2026-04-27,PRD0054,6174,3046,9,56.0
2026-05-04,PRD0054,5730,3133,13,60.2
2026-05-11,PRD0054,6381,3141,8,53.4
2026-05-18,PRD0054,5730,2785,10,55.8
2026-05-25,PRD0054,5085,2735,10,50.4
2026-06-01,PRD0054,5445,2799,10,56.5
2026-06-08,PRD0054,5287,2878,11,57.2
2026-06-15,PRD0054,5721,2016,9,51.9
2026-06-22,PRD0054,5999,2208,13,62.2
2026-06-29,PRD0054,5556,2611,12,61.6
2025-07-15,PRD0055,6935,3006,9,66.8
2025-07-22,PRD0055,7508,3331,11,65.1
2025-07-29,PRD0055,8169,4329,17,90.8
2025-08-05,PRD0055,7251,3271,17,81.0
2025-08-12,PRD0055,8354,2995,11,81.3
2025-08-19,PRD0055,7749,3641,15,80.1
2025-08-26,PRD0055,7765,3793,17,80.8
2025-09-02,PRD0055,6672,2457,13,73.1
2025-09-09,PRD0055,7957,3387,10,71.6
2025-09-16,PRD0055,7395,3417,11,72.7
2025-09-23,PRD0055,6713,3233,8,60.7
2025-09-30,PRD0055,6257,3434,13,67.8
2025-10-07,PRD0055,6534,2310,9,63.8
2025-10-14,PRD0055,7667,3413,17,81.2
2025-10-21,PRD0055,6795,3030,13,72.6
2025-10-28,PRD0055,8072,3921,16,79.0
2025-11-04,PRD0055,7585,2953,13,69.6
2025-11-11,PRD0055,7039,2567,13,69.3
2025-11-18,PRD0055,6719,2717,15,72.8
2025-11-25,PRD0055,7033,3035,15,71.3
2025-12-02,PRD0055,6900,3462,11,61.2
2025-12-09,PRD0055,6693,2360,14,66.2
2025-12-16,PRD0055,7354,2598,12,74.6
2025-12-23,PRD0055,8168,2868,18,88.4
2025-12-30,PRD0055,6292,3370,7,52.3
2026-01-06,PRD0055,7052,2804,15,73.6
2026-01-13,PRD0055,6469,2951,12,66.9
2026-01-20,PRD0055,7123,3686,13,72.6
2026-01-27,PRD0055,6211,2442,7,50.8
2026-02-03,PRD0055,6547,3346,9,55.7
2026-02-10,PRD0055,6983,2476,10,61.5
2026-02-17,PRD0055,6623,3566,13,69.1
2026-02-24,PRD0055,7707,3262,17,84.2
2026-03-03,PRD0055,7987,4343,9,70.8
2026-03-10,PRD0055,7352,2636,16,78.5
2026-03-17,PRD0055,8190,4418,19,92.5
2026-03-24,PRD0055,6750,2731,13,74.0
2026-03-31,PRD0055,6282,2557,11,63.3
2026-04-07,PRD0055,7701,4121,11,67.0
2026-04-14,PRD0055,7404,3525,9,66.2
2026-04-21,PRD0055,7037,3348,12,66.8
2026-04-28,PRD0055,8019,3260,12,81.1
2026-05-05,PRD0055,6529,2504,14,68.4
2026-05-12,PRD0055,6456,3055,8,59.3
2026-05-19,PRD0055,7016,2784,15,70.3
2026-05-26,PRD0055,7104,2684,13,66.4
2026-06-02,PRD0055,6210,2731,12,66.3
2026-06-09,PRD0055,8156,3517,11,72.8
2026-06-16,PRD0055,8358,3537,13,74.4
2026-06-23,PRD0055,8272,4021,10,70.2
2026-06-30,PRD0055,7772,4198,13,79.5
2026-05-03,PRD0056,2770,999,5,28.1
2026-05-10,PRD0056,2820,1088,4,25.0
2026-05-17,PRD0056,3011,1239,5,27.3
2026-05-24,PRD0056,2822,1136,5,26.9
2026-05-31,PRD0056,3090,1279,7,35.9
2026-06-07,PRD0056,3005,1243,5,29.6
2026-06-14,PRD0056,3139,1574,7,34.8
2026-06-21,PRD0056,2959,1292,6,30.0
2026-06-28,PRD0056,3124,1456,5,29.5
2025-09-07,PRD0057,6574,2724,11,61.8
2025-09-14,PRD0057,6722,3088,7,59.0
2025-09-21,PRD0057,5564,2217,9,53.5
2025-09-28,PRD0057,6099,2795,6,47.4
2025-10-05,PRD0057,5456,2088,7,48.6
2025-10-12,PRD0057,4440,2279,5,39.2
2025-10-19,PRD0057,4937,1859,5,44.2
2025-10-26,PRD0057,3595,1882,4,30.3
2025-11-02,PRD0057,4318,2318,4,35.6
2025-11-09,PRD0057,3800,1471,2,28.5
2025-11-16,PRD0057,3818,1458,3,32.4
2025-11-23,PRD0057,2742,1090,1,20.0
2025-11-30,PRD0057,3332,1209,2,24.5
2025-12-07,PRD0057,2766,1130,1,19.3
2025-12-14,PRD0057,2668,1214,2,19.6
2025-12-21,PRD0057,2309,956,0,15.8
2025-12-28,PRD0057,2033,869,1,15.0
2026-01-04,PRD0057,2241,1063,0,15.6
2026-01-11,PRD0057,1638,845,0,11.4
2026-01-18,PRD0057,1574,794,0,10.4
2026-01-25,PRD0057,1869,838,0,11.6
2026-02-01,PRD0057,1549,767,0,9.3
2026-02-08,PRD0057,1658,822,0,11.3
2026-02-15,PRD0057,1346,485,0,8.1
2026-02-22,PRD0057,1116,502,0,7.4
2026-03-01,PRD0057,1276,610,0,8.0
2026-03-08,PRD0057,1302,526,0,8.9
2026-03-15,PRD0057,1253,565,0,8.0
2026-03-22,PRD0057,1311,679,0,8.1
2026-03-29,PRD0057,1074,462,0,7.2
2026-04-05,PRD0057,1284,657,0,8.9
2026-04-12,PRD0057,1132,412,0,7.1
2026-04-19,PRD0057,1214,475,0,7.5
2026-04-26,PRD0057,1257,610,0,8.6
2026-05-03,PRD0057,1282,602,0,8.5
2026-05-10,PRD0057,1137,531,0,7.2
2026-05-17,PRD0057,1291,606,0,8.0
2026-05-24,PRD0057,1259,550,0,7.7
2026-05-31,PRD0057,1194,631,0,7.3
2026-06-07,PRD0057,1193,640,0,7.9
2026-06-14,PRD0057,1306,543,0,9.1
2026-06-21,PRD0057,994,487,0,6.4
2026-06-28,PRD0057,1333,700,0,8.3
2026-05-16,PRD0058,2724,1403,6,27.9
2026-05-23,PRD0058,2645,1192,4,26.3
2026-05-30,PRD0058,2553,1357,2,20.3
2026-06-06,PRD0058,2484,898,3,23.6
2026-06-13,PRD0058,2108,758,3,21.0
2026-06-20,PRD0058,2123,987,2,17.2
2026-06-27,PRD0058,1922,878,2,15.8
2025-05-04,PRD0059,4603,2236,8,46.8
2025-05-11,PRD0059,5569,2581,12,56.8
2025-05-18,PRD0059,5657,2253,6,49.4
2025-05-25,PRD0059,6043,2301,10,55.3
2025-06-01,PRD0059,5916,2140,13,63.0
2025-06-08,PRD0059,5183,1951,6,44.2
2025-06-15,PRD0059,6015,2986,12,61.6
2025-06-22,PRD0059,5012,2254,11,57.7
2025-06-29,PRD0059,5084,2543,8,48.6
2025-07-06,PRD0059,4725,2566,7,43.9
2025-07-13,PRD0059,4573,1648,8,44.2
2025-07-20,PRD0059,5832,2525,10,54.2
2025-07-27,PRD0059,5665,2387,9,53.1
2025-08-03,PRD0059,5088,1937,11,57.6
2025-08-10,PRD0059,4983,2511,9,49.7
2025-08-17,PRD0059,5041,1909,11,51.7
2025-08-24,PRD0059,5417,2884,12,54.3
2025-08-31,PRD0059,5813,3007,12,64.6
2025-09-07,PRD0059,5740,2528,13,61.8
2025-09-14,PRD0059,4637,2199,10,47.9
2025-09-21,PRD0059,6040,2733,10,55.8
2025-09-28,PRD0059,5848,2436,7,52.5
2025-10-05,PRD0059,5425,1931,10,57.9
2025-10-12,PRD0059,5767,2263,11,54.5
2025-10-19,PRD0059,5805,2772,12,60.9
2025-10-26,PRD0059,5345,2773,11,56.8
2025-11-02,PRD0059,5349,2771,8,47.7
2025-11-09,PRD0059,4997,1958,8,46.4
2025-11-16,PRD0059,4585,1896,5,37.8
2025-11-23,PRD0059,5778,2458,11,57.2
2025-11-30,PRD0059,5385,2944,10,54.5
2025-12-07,PRD0059,5594,2207,8,48.1
2025-12-14,PRD0059,5107,2633,10,49.0
2025-12-21,PRD0059,5624,2454,7,51.1
2025-12-28,PRD0059,4999,2400,10,48.3
2026-01-04,PRD0059,4940,1817,11,54.4
2026-01-11,PRD0059,5793,2412,8,56.1
2026-01-18,PRD0059,4592,1782,7,40.4
2026-01-25,PRD0059,4719,2353,9,48.0
2026-02-01,PRD0059,5422,2396,10,58.6
2026-02-08,PRD0059,4747,1954,8,45.9
2026-02-15,PRD0059,4995,2656,9,47.4
2026-02-22,PRD0059,4570,2076,9,49.7
2026-03-01,PRD0059,5080,2429,11,56.1
2026-03-08,PRD0059,5862,2375,11,56.4
2026-03-15,PRD0059,5606,2208,13,61.1
2026-03-22,PRD0059,5751,2427,10,58.8
2026-03-29,PRD0059,5783,2215,9,55.0
2026-04-05,PRD0059,6059,2374,13,64.2
2026-04-12,PRD0059,5691,2428,8,53.3
2026-04-19,PRD0059,5623,2690,11,56.9
2026-04-26,PRD0059,6146,2802,13,68.0
2026-05-03,PRD0059,5319,2394,8,47.4
2026-05-10,PRD0059,5179,2187,8,47.8
2026-05-17,PRD0059,5567,2609,6,47.3
2026-05-24,PRD0059,4810,1811,9,46.7
2026-05-31,PRD0059,5327,2344,9,52.8
2026-06-07,PRD0059,6144,3236,9,59.1
2026-06-14,PRD0059,5487,1959,11,59.4
2026-06-21,PRD0059,5254,2704,11,57.4
2026-06-28,PRD0059,5575,2450,11,58.2
2025-10-11,PRD0060,2942,1608,5,29.8
2025-10-18,PRD0060,2345,1191,3,20.5
2025-10-25,PRD0060,2451,1115,5,27.2
2025-11-01,PRD0060,2728,1295,3,23.4
2025-11-08,PRD0060,2457,1112,3,20.4
2025-11-15,PRD0060,2687,971,5,26.7
2025-11-22,PRD0060,3085,1549,6,30.1
2025-11-29,PRD0060,2955,1158,4,27.1
2025-12-06,PRD0060,2620,1192,5,28.7
2025-12-13,PRD0060,2841,1220,3,24.7
2025-12-20,PRD0060,2838,1095,6,31.5
2025-12-27,PRD0060,2774,1321,4,24.2
2026-01-03,PRD0060,2997,1376,4,27.6
2026-01-10,PRD0060,2925,1329,4,27.5
2026-01-17,PRD0060,2903,1312,3,25.9
2026-01-24,PRD0060,2812,1258,6,29.5
2026-01-31,PRD0060,2902,1576,3,23.3
2026-02-07,PRD0060,2655,999,4,23.7
2026-02-14,PRD0060,2736,1169,5,26.4
2026-02-21,PRD0060,2510,1233,5,27.5
2026-02-28,PRD0060,2822,1330,4,24.3
2026-03-07,PRD0060,2864,1027,5,28.2
2026-03-14,PRD0060,2784,1454,5,29.4
2026-03-21,PRD0060,3093,1200,5,29.6
2026-03-28,PRD0060,2934,1286,6,32.0
2026-04-04,PRD0060,2966,1428,6,29.1
2026-04-11,PRD0060,2554,1216,5,27.4
2026-04-18,PRD0060,2643,1403,4,25.5
2026-04-25,PRD0060,2712,1284,5,28.4
2026-05-02,PRD0060,2705,1331,4,23.6
2026-05-09,PRD0060,2585,1167,3,24.3
2026-05-16,PRD0060,2539,1045,4,22.6
2026-05-23,PRD0060,3030,1122,4,26.3
2026-05-30,PRD0060,2811,1165,3,23.8
2026-06-06,PRD0060,3088,1151,6,31.3
2026-06-13,PRD0060,3042,1389,3,23.8
2026-06-20,PRD0060,2804,1473,4,25.8
2026-06-27,PRD0060,2331,1227,3,22.5
2025-06-18,PRD0061,9678,4602,15,92.3
2025-06-25,PRD0061,8239,4492,15,80.2
2025-07-02,PRD0061,9973,5464,21,100.0
2025-07-09,PRD0061,9816,5308,21,97.8
2025-07-16,PRD0061,8118,3060,12,72.9
2025-07-23,PRD0061,8865,4276,19,92.6
2025-07-30,PRD0061,10052,4254,20,98.9
2025-08-06,PRD0061,9959,4818,19,97.6
2025-08-13,PRD0061,8893,4823,18,88.7
2025-08-20,PRD0061,7639,3536,9,67.8
2025-08-27,PRD0061,9991,4819,19,100.0
2025-09-03,PRD0061,8142,3134,10,76.4
2025-09-10,PRD0061,9497,3454,15,94.3
2025-09-17,PRD0061,8968,4184,19,88.4
2025-09-24,PRD0061,8780,3437,13,81.0
2025-10-01,PRD0061,8791,3524,12,75.9
2025-10-08,PRD0061,9515,4419,17,97.2
2025-10-15,PRD0061,9990,4469,20,100.0
2025-10-22,PRD0061,9161,3984,15,86.6
2025-10-29,PRD0061,10061,5327,13,93.0
2025-11-05,PRD0061,8614,3965,17,95.2
2025-11-12,PRD0061,9909,3664,21,100.0
2025-11-19,PRD0061,8266,3685,16,79.2
2025-11-26,PRD0061,9110,4677,13,84.4
2025-12-03,PRD0061,8735,3102,20,97.1
2025-12-10,PRD0061,9451,3544,15,93.0
2025-12-17,PRD0061,10191,5546,21,99.4
2025-12-24,PRD0061,7941,4306,15,86.7
2025-12-31,PRD0061,9531,4432,18,95.3
2026-01-07,PRD0061,9718,3627,22,100.0
2026-01-14,PRD0061,8742,3274,18,98.9
2026-01-21,PRD0061,8639,4669,10,81.4
2026-01-28,PRD0061,9525,5077,14,93.5
2026-02-04,PRD0061,9991,3765,22,100.0
2026-02-11,PRD0061,9348,5101,14,89.3
2026-02-18,PRD0061,7644,4050,11,70.5
2026-02-25,PRD0061,8665,3415,14,81.8
2026-03-04,PRD0061,9508,3506,21,100.0
2026-03-11,PRD0061,8409,4012,12,76.9
2026-03-18,PRD0061,8268,2938,11,72.2
2026-03-25,PRD0061,9822,3560,15,91.6
2026-04-01,PRD0061,8497,4472,11,80.3
2026-04-08,PRD0061,9703,3609,16,94.1
2026-04-15,PRD0061,7879,3101,14,81.9
2026-04-22,PRD0061,8487,4505,14,83.9
2026-04-29,PRD0061,8429,3932,11,72.5
2026-05-06,PRD0061,9362,3980,21,100.0
2026-05-13,PRD0061,8333,2991,12,81.8
2026-05-20,PRD0061,9648,4948,15,98.7
2026-05-27,PRD0061,9515,3966,12,88.2
2026-06-03,PRD0061,8092,4348,19,93.5
2026-06-10,PRD0061,10000,4011,18,99.8
2026-06-17,PRD0061,8019,4267,11,67.9
2026-06-24,PRD0061,8786,3498,13,79.3
2025-05-09,PRD0062,7003,2980,14,68.2
2025-05-16,PRD0062,7717,3152,16,77.0
2025-05-23,PRD0062,6415,2579,13,66.6
2025-05-30,PRD0062,7345,3436,11,64.5
2025-06-06,PRD0062,8129,2858,9,68.5
2025-06-13,PRD0062,6746,3029,11,61.2
2025-06-20,PRD0062,6637,3249,14,70.5
2025-06-27,PRD0062,6342,3136,11,67.2
2025-07-04,PRD0062,6399,2503,8,53.6
2025-07-11,PRD0062,6354,2514,11,61.9
2025-07-18,PRD0062,7595,4094,9,70.0
2025-07-25,PRD0062,6381,2815,8,58.6
2025-08-01,PRD0062,7594,3144,11,69.0
2025-08-08,PRD0062,7207,2598,14,75.9
2025-08-15,PRD0062,6216,3249,13,67.3
2025-08-22,PRD0062,6747,3452,8,63.5
2025-08-29,PRD0062,6604,3292,8,54.3
2025-09-05,PRD0062,6616,2387,15,71.5
2025-09-12,PRD0062,6946,3329,16,81.2
2025-09-19,PRD0062,6253,2596,13,62.6
2025-09-26,PRD0062,7836,2892,16,76.2
2025-10-03,PRD0062,7108,2539,11,65.1
2025-10-10,PRD0062,7830,3627,9,73.5
2025-10-17,PRD0062,7092,3748,10,68.0
2025-10-24,PRD0062,6520,2458,8,53.9
2025-10-31,PRD0062,8384,3323,19,86.3
2025-11-07,PRD0062,7669,2756,12,75.0
2025-11-14,PRD0062,6421,3099,12,60.6
2025-11-21,PRD0062,6377,3198,9,57.2
2025-11-28,PRD0062,6702,2481,9,58.1
2025-12-05,PRD0062,6609,2813,15,75.5
2025-12-12,PRD0062,6558,3256,9,63.3
2025-12-19,PRD0062,7114,2892,9,61.9
2025-12-26,PRD0062,7309,2994,15,78.1
2026-01-02,PRD0062,7150,2509,10,66.1
2026-01-09,PRD0062,7153,2886,14,76.4
2026-01-16,PRD0062,7490,3155,12,71.6
2026-01-23,PRD0062,7680,3648,17,79.8
2026-01-30,PRD0062,7662,3524,14,73.3
2026-02-06,PRD0062,7246,2872,12,73.5
2026-02-13,PRD0062,6945,2677,11,71.3
2026-02-20,PRD0062,7025,2925,15,72.2
2026-02-27,PRD0062,7886,3375,10,73.9
2026-03-06,PRD0062,8124,3673,15,81.0
2026-03-13,PRD0062,6869,2770,14,70.5
2026-03-20,PRD0062,6758,3512,13,65.6
2026-03-27,PRD0062,8137,4113,19,95.8
2026-04-03,PRD0062,7075,3494,14,71.5
2026-04-10,PRD0062,7442,3644,15,76.5
2026-04-17,PRD0062,7882,4147,14,83.2
2026-04-24,PRD0062,7851,2989,11,77.1
2026-05-01,PRD0062,7867,3364,18,81.6
2026-05-08,PRD0062,6438,2864,8,57.1
2026-05-15,PRD0062,7625,4093,17,85.8
2026-05-22,PRD0062,7411,2926,11,74.3
2026-05-29,PRD0062,6840,3144,12,67.1
2026-06-05,PRD0062,7677,2727,16,79.8
2026-06-12,PRD0062,7392,3024,13,75.0
2026-06-19,PRD0062,7562,3784,15,81.9
2026-06-26,PRD0062,6380,2355,14,70.6
2025-04-16,PRD0063,7958,2946,18,87.0
2025-04-23,PRD0063,7233,3199,8,58.0
2025-04-30,PRD0063,8689,3864,14,83.4
2025-05-07,PRD0063,7160,3694,8,58.3
2025-05-14,PRD0063,8044,3496,14,80.2
2025-05-21,PRD0063,8463,3903,11,79.2
2025-05-28,PRD0063,8134,3038,19,96.5
2025-06-04,PRD0063,7715,3003,16,84.9
2025-06-11,PRD0063,7819,3024,15,84.2
2025-06-18,PRD0063,8551,4688,16,85.3
2025-06-25,PRD0063,8441,3535,14,87.4
2025-07-02,PRD0063,7220,2684,9,68.8
2025-07-09,PRD0063,8818,4124,20,89.1
2025-07-16,PRD0063,7708,3580,13,77.4
2025-07-23,PRD0063,9136,3398,18,97.4
2025-07-30,PRD0063,7679,3136,13,76.7
2025-08-06,PRD0063,7842,3799,13,80.9
2025-08-13,PRD0063,7299,3034,14,69.4
2025-08-20,PRD0063,9046,3360,14,89.7
2025-08-27,PRD0063,6830,2938,14,72.4
2025-09-03,PRD0063,7413,3462,15,72.4
2025-09-10,PRD0063,7304,2953,11,68.7
2025-09-17,PRD0063,8354,4316,16,81.6
2025-09-24,PRD0063,8401,3836,11,70.7
2025-10-01,PRD0063,8109,4130,12,78.8
2025-10-08,PRD0063,9044,4729,16,86.1
2025-10-15,PRD0063,6940,2777,12,64.3
2025-10-22,PRD0063,6789,2760,13,70.4
2025-10-29,PRD0063,8334,4203,10,71.5
2025-11-05,PRD0063,8910,3406,20,91.7
2025-11-12,PRD0063,8105,4265,18,93.5
2025-11-19,PRD0063,7729,3546,9,72.6
2025-11-26,PRD0063,8856,4166,13,78.4
2025-12-03,PRD0063,9043,4557,13,89.2
2025-12-10,PRD0063,8995,3692,13,79.4
2025-12-17,PRD0063,6907,2858,8,56.4
2025-12-24,PRD0063,7905,4323,10,74.6
2025-12-31,PRD0063,8980,3322,20,95.6
2026-01-07,PRD0063,6954,3528,9,64.7
2026-01-14,PRD0063,6970,3130,10,61.2
2026-01-21,PRD0063,8448,3941,13,84.6
2026-01-28,PRD0063,6803,2565,15,75.4
2026-02-04,PRD0063,6774,3685,12,70.6
2026-02-11,PRD0063,6975,2569,9,63.2
2026-02-18,PRD0063,8796,3604,11,78.4
2026-02-25,PRD0063,8428,4252,16,92.2
2026-03-04,PRD0063,7901,3571,14,76.2
2026-03-11,PRD0063,7787,3667,11,75.3
2026-03-18,PRD0063,6954,3710,12,69.8
2026-03-25,PRD0063,7029,3846,9,64.0
2026-04-01,PRD0063,7447,2978,10,66.3
2026-04-08,PRD0063,8857,3234,13,88.3
2026-04-15,PRD0063,7284,2624,13,72.0
2026-04-22,PRD0063,8344,3568,14,78.4
2026-04-29,PRD0063,7586,2908,12,75.6
2026-05-06,PRD0063,7950,3278,10,67.2
2026-05-13,PRD0063,7631,3413,16,86.2
2026-05-20,PRD0063,7878,3612,16,79.6
2026-05-27,PRD0063,8019,4265,13,78.7
2026-06-03,PRD0063,7973,4356,15,87.1
2026-06-10,PRD0063,6837,2537,16,78.0
2026-06-17,PRD0063,7577,3336,17,87.7
2026-06-24,PRD0063,7261,3070,13,76.9
2025-02-22,PRD0064,8369,3237,16,80.2
2025-03-01,PRD0064,6789,2924,14,69.9
2025-03-08,PRD0064,7268,2920,16,78.2
2025-03-15,PRD0064,7941,2911,17,86.8
2025-03-22,PRD0064,7058,3654,8,64.5
2025-03-29,PRD0064,7591,4107,12,69.2
2025-04-05,PRD0064,6527,3198,11,66.9
2025-04-12,PRD0064,8427,2955,16,90.1
2025-04-19,PRD0064,7364,3460,14,80.8
2025-04-26,PRD0064,8261,3057,11,71.0
2025-05-03,PRD0064,7506,2880,13,69.7
2025-05-10,PRD0064,7232,3677,10,63.7
2025-05-17,PRD0064,7689,2969,14,74.7
2025-05-24,PRD0064,7652,3399,17,83.2
2025-05-31,PRD0064,7248,3415,13,67.2
2025-06-07,PRD0064,7055,2524,14,70.5
2025-06-14,PRD0064,7810,2914,12,77.4
2025-06-21,PRD0064,8035,4316,12,70.2
2025-06-28,PRD0064,8372,4226,11,81.3
2025-07-05,PRD0064,8578,4593,11,78.9
2025-07-12,PRD0064,7780,4160,9,72.6
2025-07-19,PRD0064,7092,3389,16,75.6
2025-07-26,PRD0064,7546,4120,14,75.9
2025-08-02,PRD0064,6981,2621,12,72.5
2025-08-09,PRD0064,6489,2660,12,69.7
2025-08-16,PRD0064,8053,3349,12,77.1
2025-08-23,PRD0064,8414,3157,17,91.4
2025-08-30,PRD0064,6652,3200,10,63.3
2025-09-06,PRD0064,8252,3363,18,83.7
2025-09-13,PRD0064,6518,2392,11,64.4
2025-09-20,PRD0064,7821,2772,11,70.6
2025-09-27,PRD0064,8664,4001,17,82.9
2025-10-04,PRD0064,8696,3851,16,82.5
2025-10-11,PRD0064,6766,2668,13,71.7
2025-10-18,PRD0064,8067,3227,18,84.0
2025-10-25,PRD0064,8071,3787,9,73.4
2025-11-01,PRD0064,7690,4164,17,86.8
2025-11-08,PRD0064,7780,3199,16,82.3
2025-11-15,PRD0064,7067,3287,14,77.0
2025-11-22,PRD0064,7804,3402,15,82.3
2025-11-29,PRD0064,7251,2760,13,73.0
2025-12-06,PRD0064,6468,2350,8,56.1
2025-12-13,PRD0064,7479,2966,15,76.3
2025-12-20,PRD0064,8465,3103,13,79.7
2025-12-27,PRD0064,6647,2622,13,64.0
2026-01-03,PRD0064,7770,3577,10,67.0
2026-01-10,PRD0064,6481,2631,11,62.6
2026-01-17,PRD0064,7829,3742,17,81.4
2026-01-24,PRD0064,7119,3593,12,74.1
2026-01-31,PRD0064,7169,3765,8,60.1
2026-02-07,PRD0064,6853,3418,15,70.1
2026-02-14,PRD0064,7120,2498,8,57.9
2026-02-21,PRD0064,8046,3311,16,81.5
2026-02-28,PRD0064,8575,3684,11,77.6
2026-03-07,PRD0064,7151,2905,16,82.8
2026-03-14,PRD0064,7307,3776,13,71.5
2026-03-21,PRD0064,6803,2604,11,63.0
2026-03-28,PRD0064,8168,3220,11,77.9
2026-04-04,PRD0064,7969,3253,11,70.1
2026-04-11,PRD0064,6622,3165,15,68.3
2026-04-18,PRD0064,7314,2627,8,66.3
2026-04-25,PRD0064,7809,3345,17,86.4
2026-05-02,PRD0064,7798,3419,10,68.0
2026-05-09,PRD0064,6791,2565,9,59.8
2026-05-16,PRD0064,7360,3373,15,81.9
2026-05-23,PRD0064,7251,2886,10,65.7
2026-05-30,PRD0064,7807,3473,18,79.3
2026-06-06,PRD0064,6937,2603,11,61.8
2026-06-13,PRD0064,6924,3585,13,70.4
2026-06-20,PRD0064,7121,3603,15,69.8
2026-06-27,PRD0064,6778,2938,13,64.6
2025-05-07,PRD0065,5874,2811,8,54.8
2025-05-14,PRD0065,5724,2561,11,54.2
2025-05-21,PRD0065,5994,2318,11,58.9
2025-05-28,PRD0065,5052,1915,11,53.3
2025-06-04,PRD0065,6118,2484,10,59.4
2025-06-11,PRD0065,5516,3000,8,53.3
2025-06-18,PRD0065,5879,2788,13,60.9
2025-06-25,PRD0065,5373,2718,11,60.5
2025-07-02,PRD0065,5117,2030,12,58.0
2025-07-09,PRD0065,5689,3033,10,52.8
2025-07-16,PRD0065,5452,2224,11,59.8
2025-07-23,PRD0065,5646,2859,7,48.8
2025-07-30,PRD0065,6185,2406,11,65.6
2025-08-06,PRD0065,6466,3129,15,70.5
2025-08-13,PRD0065,5606,2441,7,47.6
2025-08-20,PRD0065,5692,3012,9,51.4
2025-08-27,PRD0065,6231,2380,8,57.8
2025-09-03,PRD0065,5434,2496,9,49.4
2025-09-10,PRD0065,6124,2216,8,51.7
2025-09-17,PRD0065,5077,2262,9,53.9
2025-09-24,PRD0065,4922,2342,8,47.1
2025-10-01,PRD0065,5459,2058,7,49.0
2025-10-08,PRD0065,5810,2714,7,48.6
2025-10-15,PRD0065,6292,2852,9,58.6
2025-10-22,PRD0065,5594,2977,7,48.4
2025-10-29,PRD0065,5143,2120,6,41.9
2025-11-05,PRD0065,6167,2717,9,61.3
2025-11-12,PRD0065,5863,2682,13,60.0
2025-11-19,PRD0065,5300,2594,7,46.3
2025-11-26,PRD0065,5475,2637,9,52.2
2025-12-03,PRD0065,5937,2228,10,62.2
2025-12-10,PRD0065,6111,2265,12,60.2
2025-12-17,PRD0065,6058,2620,11,64.4
2025-12-24,PRD0065,5468,2143,9,49.3
2025-12-31,PRD0065,5051,2045,11,56.9
2026-01-07,PRD0065,6266,2398,10,58.3
2026-01-14,PRD0065,5624,2942,12,63.4
2026-01-21,PRD0065,5516,2819,9,57.5
2026-01-28,PRD0065,5425,2273,12,62.4
2026-02-04,PRD0065,5724,2958,11,57.0
2026-02-11,PRD0065,6176,2919,14,65.0
2026-02-18,PRD0065,5641,2305,9,51.4
2026-02-25,PRD0065,6284,2925,12,67.5
2026-03-04,PRD0065,4918,2121,6,40.3
2026-03-11,PRD0065,5593,2102,10,54.4
2026-03-18,PRD0065,5801,2417,7,53.9
2026-03-25,PRD0065,4974,2160,6,43.7
2026-04-01,PRD0065,5601,2511,10,53.6
2026-04-08,PRD0065,5432,1924,9,55.1
2026-04-15,PRD0065,5325,2798,11,52.4
2026-04-22,PRD0065,5873,2409,13,65.1
2026-04-29,PRD0065,6433,2490,13,65.0
2026-05-06,PRD0065,5731,2636,12,64.7
2026-05-13,PRD0065,6086,3018,7,56.6
2026-05-20,PRD0065,6557,3243,11,67.8
2026-05-27,PRD0065,5525,2888,8,52.7
2026-06-03,PRD0065,5672,2216,11,58.6
2026-06-10,PRD0065,5042,2221,10,55.9
2026-06-17,PRD0065,6578,2491,9,59.8
2026-06-24,PRD0065,6141,2341,7,54.1
2025-08-19,PRD0066,8239,3405,16,83.4
2025-08-26,PRD0066,7533,3736,9,63.4
2025-09-02,PRD0066,8069,3906,17,89.3
2025-09-09,PRD0066,8483,3692,10,69.7
2025-09-16,PRD0066,6923,3522,9,65.6
2025-09-23,PRD0066,8560,4521,17,89.0
2025-09-30,PRD0066,7773,3137,12,71.1
2025-10-07,PRD0066,8848,4057,12,84.1
2025-10-14,PRD0066,7586,3339,14,71.0
2025-10-21,PRD0066,8441,3235,20,94.4
2025-10-28,PRD0066,7545,3732,14,78.7
2025-11-04,PRD0066,7489,3897,14,73.1
2025-11-11,PRD0066,8738,4614,19,95.3
2025-11-18,PRD0066,6657,3641,15,70.1
2025-11-25,PRD0066,8267,2979,18,84.0
2025-12-02,PRD0066,8049,4046,10,72.5
2025-12-09,PRD0066,7102,2556,14,77.9
2025-12-16,PRD0066,6603,2454,10,61.4
2025-12-23,PRD0066,7708,3911,14,79.7
2025-12-30,PRD0066,8251,2986,18,84.9
2026-01-06,PRD0066,7821,3534,15,82.9
2026-01-13,PRD0066,6684,2680,8,57.1
2026-01-20,PRD0066,7234,2624,12,74.7
2026-01-27,PRD0066,7393,3603,16,75.5
2026-02-03,PRD0066,8078,2993,14,76.3
2026-02-10,PRD0066,7324,3031,13,69.6
2026-02-17,PRD0066,8055,2838,18,87.7
2026-02-24,PRD0066,7341,2983,9,68.7
2026-03-03,PRD0066,7651,3079,10,73.8
2026-03-10,PRD0066,6687,3528,14,72.5
2026-03-17,PRD0066,7544,3555,15,80.0
2026-03-24,PRD0066,7076,3469,12,65.2
2026-03-31,PRD0066,7803,3338,18,86.0
2026-04-07,PRD0066,7585,2783,14,80.5
2026-04-14,PRD0066,7498,3158,15,78.2
2026-04-21,PRD0066,8148,3112,10,76.6
2026-04-28,PRD0066,8277,4328,13,85.0
2026-05-05,PRD0066,7084,2748,11,67.9
2026-05-12,PRD0066,7971,3462,13,73.0
2026-05-19,PRD0066,7462,3156,11,67.2
2026-05-26,PRD0066,8129,4097,14,77.5
2026-06-02,PRD0066,7504,3616,9,70.5
2026-06-09,PRD0066,8232,3432,10,75.0
2026-06-16,PRD0066,7857,3170,13,77.0
2026-06-23,PRD0066,8010,3136,17,88.8
2026-06-30,PRD0066,6616,3359,10,59.2
2025-08-20,PRD0067,5900,2275,12,61.1
2025-08-27,PRD0067,5472,2623,8,47.8
2025-09-03,PRD0067,5166,2571,6,44.0
2025-09-10,PRD0067,5979,2535,9,53.0
2025-09-17,PRD0067,4953,2529,8,45.5
2025-09-24,PRD0067,6044,2762,11,60.5
2025-10-01,PRD0067,5997,3109,11,62.9
2025-10-08,PRD0067,4929,2577,10,55.1
2025-10-15,PRD0067,5848,2595,13,67.7
2025-10-22,PRD0067,4755,2500,8,43.9
2025-10-29,PRD0067,4775,2370,9,51.7
2025-11-05,PRD0067,4888,2473,6,43.1
2025-11-12,PRD0067,4702,1714,10,51.7
2025-11-19,PRD0067,5018,1950,10,52.0
2025-11-26,PRD0067,6001,3257,9,57.9
2025-12-03,PRD0067,5937,2899,10,57.8
2025-12-10,PRD0067,5790,2992,12,64.8
2025-12-17,PRD0067,6075,2949,11,60.7
2025-12-24,PRD0067,5175,2545,8,51.3
2025-12-31,PRD0067,5218,2301,8,50.3
2026-01-07,PRD0067,5735,2440,12,57.8
2026-01-14,PRD0067,5824,2057,11,58.1
2026-01-21,PRD0067,4829,2486,7,42.5
2026-01-28,PRD0067,5656,2751,9,56.7
2026-02-04,PRD0067,5575,3018,7,52.5
2026-02-11,PRD0067,5503,2762,8,52.3
2026-02-18,PRD0067,4590,1626,9,47.2
2026-02-25,PRD0067,4960,1785,6,43.9
2026-03-04,PRD0067,5601,2088,12,58.2
2026-03-11,PRD0067,5770,2130,7,52.8
2026-03-18,PRD0067,6035,2618,7,49.1
2026-03-25,PRD0067,5215,2409,10,54.8
2026-04-01,PRD0067,5930,3154,11,63.4
2026-04-08,PRD0067,6049,2363,9,56.9
2026-04-15,PRD0067,5719,2411,13,63.5
2026-04-22,PRD0067,4742,2200,8,43.5
2026-04-29,PRD0067,4975,1982,11,53.8
2026-05-06,PRD0067,5234,2495,11,57.0
2026-05-13,PRD0067,4955,1888,11,50.3
2026-05-20,PRD0067,6173,2771,8,57.1
2026-05-27,PRD0067,5251,1991,9,50.2
2026-06-03,PRD0067,5437,2189,12,62.4
2026-06-10,PRD0067,6162,2770,8,51.4
2026-06-17,PRD0067,5876,2866,12,63.1
2026-06-24,PRD0067,4602,1970,5,38.5
2026-03-16,PRD0068,3105,1577,4,28.4
2026-03-23,PRD0068,2943,1228,4,25.5
2026-03-30,PRD0068,3219,1384,6,33.8
2026-04-06,PRD0068,3220,1575,4,27.6
2026-04-13,PRD0068,3237,1680,7,34.1
2026-04-20,PRD0068,3076,1588,4,25.7
2026-04-27,PRD0068,3245,1172,4,26.9
2026-05-04,PRD0068,3170,1482,4,28.2
2026-05-11,PRD0068,2557,896,5,27.8
2026-05-18,PRD0068,2919,1047,5,30.9
2026-05-25,PRD0068,2658,1301,4,24.4
2026-06-01,PRD0068,3222,1514,4,29.6
2026-06-08,PRD0068,2997,1186,6,32.2
2026-06-15,PRD0068,3007,1303,3,26.5
2026-06-22,PRD0068,2799,1278,5,28.0
2026-06-29,PRD0068,3161,1195,4,28.9
2025-07-03,PRD0069,6554,2751,15,74.7
2025-07-10,PRD0069,6131,2708,12,60.9
2025-07-17,PRD0069,6433,2256,10,63.4
2025-07-24,PRD0069,5682,2929,13,57.8
2025-07-31,PRD0069,6220,2859,9,60.5
2025-08-07,PRD0069,6016,3142,10,62.5
2025-08-14,PRD0069,6720,3183,10,59.7
2025-08-21,PRD0069,6628,3628,13,64.6
2025-08-28,PRD0069,6363,2523,15,73.1
2025-09-04,PRD0069,6234,2217,12,63.0
2025-09-11,PRD0069,6488,2892,14,69.6
2025-09-18,PRD0069,6474,3392,8,58.0
2025-09-25,PRD0069,7122,2801,16,76.7
2025-10-02,PRD0069,6566,3171,10,58.2
2025-10-09,PRD0069,6818,3585,14,67.9
2025-10-16,PRD0069,7345,2823,10,66.5
2025-10-23,PRD0069,6388,2893,12,60.0
2025-10-30,PRD0069,6905,2685,13,65.8
2025-11-06,PRD0069,6311,3240,8,57.1
2025-11-13,PRD0069,6791,3294,13,74.5
2025-11-20,PRD0069,5539,2261,10,58.1
2025-11-27,PRD0069,6644,2466,10,63.9
2025-12-04,PRD0069,6477,2464,10,62.6
2025-12-11,PRD0069,6508,2663,12,62.5
2025-12-18,PRD0069,6627,3591,12,64.6
2025-12-25,PRD0069,7345,3919,17,78.3
2026-01-01,PRD0069,7050,2621,16,75.7
2026-01-08,PRD0069,6482,3024,12,70.1
2026-01-15,PRD0069,5810,3145,12,64.6
2026-01-22,PRD0069,6224,2293,11,57.9
2026-01-29,PRD0069,5761,3142,10,52.9
2026-02-05,PRD0069,7245,3058,9,66.8
2026-02-12,PRD0069,5897,2382,12,58.7
2026-02-19,PRD0069,7391,3416,16,77.4
2026-02-26,PRD0069,6443,2319,9,55.0
2026-03-05,PRD0069,5814,2263,7,53.3
2026-03-12,PRD0069,5831,2779,7,51.6
2026-03-19,PRD0069,7172,2562,10,66.8
2026-03-26,PRD0069,7432,3197,14,73.8
2026-04-02,PRD0069,7484,2861,16,78.7
2026-04-09,PRD0069,5950,2224,11,59.1
2026-04-16,PRD0069,7271,2564,17,82.1
2026-04-23,PRD0069,5577,2103,8,49.2
2026-04-30,PRD0069,6290,3095,8,58.2
2026-05-07,PRD0069,6661,2815,11,67.7
2026-05-14,PRD0069,6780,3721,13,67.6
2026-05-21,PRD0069,7266,3546,15,79.6
2026-05-28,PRD0069,6134,3307,14,65.8
2026-06-04,PRD0069,6336,3202,11,58.3
2026-06-11,PRD0069,6282,3333,13,64.8
2026-06-18,PRD0069,6132,3298,8,54.0
2026-06-25,PRD0069,5666,2414,9,54.8
2025-01-03,PRD0070,7670,4025,11,74.0
2025-01-10,PRD0070,7462,2907,11,72.6
2025-01-17,PRD0070,7368,3963,11,69.8
2025-01-24,PRD0070,7851,2999,13,76.3
2025-01-31,PRD0070,7863,3367,12,72.4
2025-02-07,PRD0070,7189,3753,15,75.7
2025-02-14,PRD0070,8081,2835,14,81.2
2025-02-21,PRD0070,7405,3736,14,78.6
2025-02-28,PRD0070,8286,3262,18,85.6
2025-03-07,PRD0070,7405,4036,12,72.6
2025-03-14,PRD0070,7630,3487,12,76.0
2025-03-21,PRD0070,8720,3608,11,84.1
2025-03-28,PRD0070,6895,2654,10,64.0
2025-04-04,PRD0070,8582,3017,15,82.2
2025-04-11,PRD0070,9027,4528,19,96.7
2025-04-18,PRD0070,8495,3732,19,92.1
2025-04-25,PRD0070,7160,3898,11,69.4
2025-05-02,PRD0070,9037,4368,21,92.1
2025-05-09,PRD0070,8171,2906,13,76.5
2025-05-16,PRD0070,9207,3424,11,76.7
2025-05-23,PRD0070,8496,2981,20,87.3
2025-05-30,PRD0070,7263,3358,11,67.0
2025-06-06,PRD0070,8947,3380,15,84.2
2025-06-13,PRD0070,8464,4100,12,75.1
2025-06-20,PRD0070,8001,4174,16,79.2
2025-06-27,PRD0070,8737,4324,11,73.9
2025-07-04,PRD0070,8399,3907,12,82.4
2025-07-11,PRD0070,7783,3011,13,73.2
2025-07-18,PRD0070,8145,4219,13,74.5
2025-07-25,PRD0070,8425,3135,10,72.7
2025-08-01,PRD0070,7356,2857,15,75.3
2025-08-08,PRD0070,7522,4068,11,73.1
2025-08-15,PRD0070,9169,4672,20,100.0
2025-08-22,PRD0070,8225,3412,10,74.8
2025-08-29,PRD0070,9040,3785,14,89.4
2025-09-05,PRD0070,7347,3238,9,68.0
2025-09-12,PRD0070,7145,2767,15,74.7
2025-09-19,PRD0070,7299,3200,12,76.3
2025-09-26,PRD0070,7156,2628,11,67.7
2025-10-03,PRD0070,9137,4512,19,100.0
2025-10-10,PRD0070,8650,3472,11,80.7
2025-10-17,PRD0070,6887,2765,9,66.9
2025-10-24,PRD0070,8395,3596,10,75.5
2025-10-31,PRD0070,6961,3231,9,66.0
2025-11-07,PRD0070,7397,3757,10,68.8
2025-11-14,PRD0070,6437,3211,13,65.2
2025-11-21,PRD0070,6318,2989,10,57.2
2025-11-28,PRD0070,7105,3486,9,61.1
2025-12-05,PRD0070,6797,3673,7,60.3
2025-12-12,PRD0070,5744,2649,9,53.3
2025-12-19,PRD0070,5924,2852,7,48.6
2025-12-26,PRD0070,5289,2275,5,46.6
2026-01-02,PRD0070,3963,1959,2,28.5
2026-01-09,PRD0070,4402,1929,3,35.0
2026-01-16,PRD0070,3924,1603,2,28.4
2026-01-23,PRD0070,3772,1713,3,31.1
2026-01-30,PRD0070,3440,1460,3,26.4
2026-02-06,PRD0070,2911,1110,2,22.8
2026-02-13,PRD0070,2633,1090,1,19.6
2026-02-20,PRD0070,2409,1068,0,16.6
2026-02-27,PRD0070,2396,1274,0,14.8
2026-03-06,PRD0070,1945,947,0,11.8
2026-03-13,PRD0070,1699,804,0,11.2
2026-03-20,PRD0070,1726,630,0,10.7
2026-03-27,PRD0070,1700,633,0,10.4
2026-04-03,PRD0070,1439,503,0,9.1
2026-04-10,PRD0070,1415,701,0,8.8
2026-04-17,PRD0070,1182,416,0,7.1
2026-04-24,PRD0070,1159,592,0,7.5
2026-05-01,PRD0070,1343,670,0,8.5
2026-05-08,PRD0070,1237,557,0,7.9
2026-05-15,PRD0070,1304,527,0,8.8
2026-05-22,PRD0070,1170,570,0,7.4
2026-05-29,PRD0070,1279,485,0,8.4
2026-06-05,PRD0070,1050,418,0,6.4
2026-06-12,PRD0070,1040,520,0,6.5
2026-06-19,PRD0070,1059,436,0,6.5
2026-06-26,PRD0070,1220,515,0,7.4
2025-10-17,PRD0071,7071,2753,14,77.6
2025-10-24,PRD0071,7326,3330,15,78.5
2025-10-31,PRD0071,6386,3309,9,59.7
2025-11-07,PRD0071,7317,2686,17,80.4
2025-11-14,PRD0071,6435,2741,7,57.6
2025-11-21,PRD0071,7160,2944,12,69.7
2025-11-28,PRD0071,6018,2134,8,52.7
2025-12-05,PRD0071,7421,3755,17,86.6
2025-12-12,PRD0071,6876,3003,10,62.9
2025-12-19,PRD0071,7582,3858,15,82.6
2025-12-26,PRD0071,6592,2544,11,64.6
2026-01-02,PRD0071,6091,2266,13,67.5
2026-01-09,PRD0071,7222,3681,11,65.9
2026-01-16,PRD0071,6681,3147,9,60.0
2026-01-23,PRD0071,6629,3410,12,66.0
2026-01-30,PRD0071,6963,2766,12,70.6
2026-02-06,PRD0071,6165,3088,11,60.7
2026-02-13,PRD0071,6217,2705,11,60.9
2026-02-20,PRD0071,6203,2669,13,69.9
2026-02-27,PRD0071,6842,2694,8,58.8
2026-03-06,PRD0071,6355,2349,11,66.2
2026-03-13,PRD0071,6920,2818,16,72.3
2026-03-20,PRD0071,6214,3029,14,70.4
2026-03-27,PRD0071,6525,2780,8,56.2
2026-04-03,PRD0071,6739,2872,12,64.2
2026-04-10,PRD0071,6378,2610,12,60.6
2026-04-17,PRD0071,6877,3478,13,66.5
2026-04-24,PRD0071,7324,3112,11,66.2
2026-05-01,PRD0071,7178,3934,14,70.6
2026-05-08,PRD0071,7851,3159,9,65.9
2026-05-15,PRD0071,6576,3010,12,67.1
2026-05-22,PRD0071,7808,4180,11,72.8
2026-05-29,PRD0071,7550,2991,9,67.0
2026-06-05,PRD0071,6938,3265,13,69.4
2026-06-12,PRD0071,6396,3316,13,67.7
2026-06-19,PRD0071,6300,3404,13,68.4
2026-06-26,PRD0071,7903,2945,15,80.4
2025-07-22,PRD0072,2827,1175,4,24.4
2025-07-29,PRD0072,3658,1316,7,38.5
2025-08-05,PRD0072,3337,1222,5,29.6
2025-08-12,PRD0072,2924,1303,5,26.6
2025-08-19,PRD0072,3295,1447,6,35.6
2025-08-26,PRD0072,3162,1140,6,31.4
2025-09-02,PRD0072,3209,1516,6,33.7
2025-09-09,PRD0072,3412,1762,6,32.8
2025-09-16,PRD0072,3371,1600,4,28.2
2025-09-23,PRD0072,3620,1344,4,30.3
2025-09-30,PRD0072,3605,1831,8,38.2
2025-10-07,PRD0072,3492,1608,6,32.3
2025-10-14,PRD0072,3690,2005,6,35.6
2025-10-21,PRD0072,3388,1649,7,36.8
2025-10-28,PRD0072,3168,1262,7,32.7
2025-11-04,PRD0072,2863,1343,6,29.7
2025-11-11,PRD0072,3115,1599,6,33.2
2025-11-18,PRD0072,2872,1347,5,27.2
2025-11-25,PRD0072,3664,1654,4,33.3
2025-12-02,PRD0072,2977,1549,6,31.8
2025-12-09,PRD0072,3638,1312,6,37.8
2025-12-16,PRD0072,3453,1287,5,33.8
2025-12-23,PRD0072,3259,1418,5,29.5
2025-12-30,PRD0072,3439,1321,5,33.6
2026-01-06,PRD0072,3446,1496,4,31.8
2026-01-13,PRD0072,2846,1345,5,27.2
2026-01-20,PRD0072,2806,1457,4,26.4
2026-01-27,PRD0072,2826,1258,3,23.7
2026-02-03,PRD0072,3060,1386,4,26.5
2026-02-10,PRD0072,3450,1831,7,34.6
2026-02-17,PRD0072,3355,1567,7,33.4
2026-02-24,PRD0072,3242,1315,6,33.3
2026-03-03,PRD0072,2921,1554,6,32.5
2026-03-10,PRD0072,2874,1470,3,24.9
2026-03-17,PRD0072,3494,1448,7,33.9
2026-03-24,PRD0072,3493,1908,8,36.9
2026-03-31,PRD0072,3253,1412,4,30.9
2026-04-07,PRD0072,3571,1957,7,36.3
2026-04-14,PRD0072,2807,1373,4,26.3
2026-04-21,PRD0072,3026,1215,6,32.4
2026-04-28,PRD0072,3313,1370,4,28.8
2026-05-05,PRD0072,3529,1660,4,32.0
2026-05-12,PRD0072,3230,1388,6,31.9
2026-05-19,PRD0072,3707,1331,7,38.9
2026-05-26,PRD0072,3070,1616,5,29.5
2026-06-02,PRD0072,3386,1804,4,32.0
2026-06-09,PRD0072,3368,1762,6,33.4
2026-06-16,PRD0072,3393,1792,5,34.0
2026-06-23,PRD0072,3676,1594,6,33.2
2026-06-30,PRD0072,2972,1612,5,31.0
2025-07-11,PRD0073,4032,1969,5,36.8
2025-07-18,PRD0073,4987,2717,10,49.4
2025-07-25,PRD0073,4178,1605,5,38.9
2025-08-01,PRD0073,4372,2132,8,46.0
2025-08-08,PRD0073,5008,2564,6,45.4
2025-08-15,PRD0073,4337,2154,7,40.6
2025-08-22,PRD0073,4011,2119,5,37.4
2025-08-29,PRD0073,4400,1688,9,46.5
2025-09-05,PRD0073,5193,1978,12,53.0
2025-09-12,PRD0073,4968,1981,10,50.7
2025-09-19,PRD0073,4167,1801,8,45.6
2025-09-26,PRD0073,4295,1869,4,34.8
2025-10-03,PRD0073,3281,1675,4,28.3
2025-10-10,PRD0073,3674,1741,3,28.3
2025-10-17,PRD0073,3017,1439,3,24.8
2025-10-24,PRD0073,3013,1088,4,26.0
2025-10-31,PRD0073,2895,1489,2,23.2
2025-11-07,PRD0073,2396,966,2,19.8
2025-11-14,PRD0073,2399,923,2,20.1
2025-11-21,PRD0073,2241,1232,1,17.2
2025-11-28,PRD0073,1836,839,1,13.4
2025-12-05,PRD0073,1967,901,1,15.0
2025-12-12,PRD0073,1770,701,1,12.7
2025-12-19,PRD0073,1777,726,1,13.9
2025-12-26,PRD0073,1353,584,0,8.5
2026-01-02,PRD0073,1434,775,0,9.3
2026-01-09,PRD0073,1432,652,0,9.5
2026-01-16,PRD0073,1192,602,0,7.5
2026-01-23,PRD0073,1165,448,0,8.1
2026-01-30,PRD0073,970,426,0,6.6
2026-02-06,PRD0073,1016,388,0,6.7
2026-02-13,PRD0073,881,417,0,5.5
2026-02-20,PRD0073,834,397,0,5.5
2026-02-27,PRD0073,821,445,0,5.1
2026-03-06,PRD0073,821,364,0,5.1
2026-03-13,PRD0073,714,278,0,4.7
2026-03-20,PRD0073,656,301,0,4.1
2026-03-27,PRD0073,658,326,0,4.4
2026-04-03,PRD0073,690,303,0,4.5
2026-04-10,PRD0073,685,254,0,4.7
2026-04-17,PRD0073,781,406,0,4.8
2026-04-24,PRD0073,691,253,0,4.7
2026-05-01,PRD0073,653,352,0,4.5
2026-05-08,PRD0073,681,351,0,4.6
2026-05-15,PRD0073,670,307,0,4.7
2026-05-22,PRD0073,679,327,0,4.7
2026-05-29,PRD0073,641,313,0,4.1
2026-06-05,PRD0073,806,374,0,5.5
2026-06-12,PRD0073,657,329,0,4.2
2026-06-19,PRD0073,779,362,0,5.1
2026-06-26,PRD0073,627,308,0,4.3
2025-10-23,PRD0074,7375,3373,9,63.8
2025-10-30,PRD0074,5845,2084,6,46.3
2025-11-06,PRD0074,6554,3000,11,69.0
2025-11-13,PRD0074,4938,2100,8,47.8
2025-11-20,PRD0074,5389,2705,5,45.8
2025-11-27,PRD0074,5224,2253,6,42.5
2025-12-04,PRD0074,4237,1780,3,35.1
2025-12-11,PRD0074,3524,1771,3,29.1
2025-12-18,PRD0074,3304,1689,3,25.2
2025-12-25,PRD0074,3902,2036,2,30.9
2026-01-01,PRD0074,3226,1467,2,23.1
2026-01-08,PRD0074,2827,1072,2,23.1
2026-01-15,PRD0074,2561,1040,1,17.9
2026-01-22,PRD0074,2607,1302,1,18.1
2026-01-29,PRD0074,2484,944,1,17.9
2026-02-05,PRD0074,2169,1124,1,15.9
2026-02-12,PRD0074,1770,777,0,11.3
2026-02-19,PRD0074,1810,877,1,13.5
2026-02-26,PRD0074,1741,718,0,11.5
2026-03-05,PRD0074,1900,895,0,11.9
2026-03-12,PRD0074,1700,722,0,10.7
2026-03-19,PRD0074,1344,605,0,8.9
2026-03-26,PRD0074,1344,593,0,9.2
2026-04-02,PRD0074,1325,527,0,8.5
2026-04-09,PRD0074,980,513,0,6.7
2026-04-16,PRD0074,1064,437,0,6.6
2026-04-23,PRD0074,1051,466,0,7.1
2026-04-30,PRD0074,1142,579,0,6.9
2026-05-07,PRD0074,1192,607,0,7.6
2026-05-14,PRD0074,1026,418,0,6.4
2026-05-21,PRD0074,1213,583,0,7.6
2026-05-28,PRD0074,1250,653,0,8.0
2026-06-04,PRD0074,1156,616,0,7.0
2026-06-11,PRD0074,1032,367,0,7.0
2026-06-18,PRD0074,1191,610,0,8.0
2026-06-25,PRD0074,1086,397,0,7.2
2026-05-28,PRD0075,2901,1065,3,26.2
2026-06-04,PRD0075,2525,1109,5,25.8
2026-06-11,PRD0075,2273,1009,3,19.3
2026-06-18,PRD0075,2084,942,3,18.7
2026-06-25,PRD0075,1897,815,2,16.9
2025-11-27,PRD0076,7248,3820,14,68.9
2025-12-04,PRD0076,7224,2720,12,75.5
2025-12-11,PRD0076,7705,2722,15,74.1
2025-12-18,PRD0076,8002,3923,16,76.9
2025-12-25,PRD0076,6791,3333,12,71.8
2026-01-01,PRD0076,8311,3433,18,91.6
2026-01-08,PRD0076,7788,3383,17,78.2
2026-01-15,PRD0076,6507,2364,14,69.9
2026-01-22,PRD0076,7231,2976,11,72.3
2026-01-29,PRD0076,6864,3213,8,59.8
2026-02-05,PRD0076,8053,3365,12,73.4
2026-02-12,PRD0076,7065,2653,10,66.5
2026-02-19,PRD0076,7019,2480,15,79.2
2026-02-26,PRD0076,6759,3341,14,71.0
2026-03-05,PRD0076,6892,2904,8,64.3
2026-03-12,PRD0076,7921,3968,13,74.6
2026-03-19,PRD0076,8338,3746,13,75.9
2026-03-26,PRD0076,8568,4573,11,79.2
2026-04-02,PRD0076,6403,2696,10,58.9
2026-04-09,PRD0076,8512,3691,13,84.6
2026-04-16,PRD0076,7171,3873,16,81.1
2026-04-23,PRD0076,7206,2763,9,64.9
2026-04-30,PRD0076,7123,3742,15,70.4
2026-05-07,PRD0076,7685,3156,17,86.9
2026-05-14,PRD0076,6555,2518,15,77.2
2026-05-21,PRD0076,7128,3646,15,81.1
2026-05-28,PRD0076,6633,2932,13,65.1
2026-06-04,PRD0076,7596,4090,10,65.9
2026-06-11,PRD0076,7584,4102,9,70.9
2026-06-18,PRD0076,8109,4025,19,96.1
2026-06-25,PRD0076,6530,2622,10,59.6
2025-01-22,PRD0077,2128,811,4,22.9
2025-01-29,PRD0077,2306,1150,3,21.7
2025-02-05,PRD0077,1952,912,4,19.5
2025-02-12,PRD0077,2266,863,5,23.7
2025-02-19,PRD0077,2587,1058,4,23.5
2025-02-26,PRD0077,1974,1039,3,17.8
2025-03-05,PRD0077,1954,708,2,15.8
2025-03-12,PRD0077,2464,1008,4,23.9
2025-03-19,PRD0077,2372,877,2,20.8
2025-03-26,PRD0077,2418,1020,4,24.1
2025-04-02,PRD0077,2129,939,4,22.3
2025-04-09,PRD0077,2078,1059,3,20.5
2025-04-16,PRD0077,1998,922,4,21.1
2025-04-23,PRD0077,1984,855,3,19.9
2025-04-30,PRD0077,2098,798,3,20.0
2025-05-07,PRD0077,2550,1360,5,24.4
2025-05-14,PRD0077,2575,1373,5,28.5
2025-05-21,PRD0077,2175,1029,2,19.1
2025-05-28,PRD0077,2518,1309,5,26.7
2025-06-04,PRD0077,2025,810,4,19.7
2025-06-11,PRD0077,2280,988,4,21.3
2025-06-18,PRD0077,2382,1135,4,24.8
2025-06-25,PRD0077,2189,1050,3,20.4
2025-07-02,PRD0077,2444,1322,3,20.7
2025-07-09,PRD0077,2101,976,4,20.1
2025-07-16,PRD0077,1920,804,2,16.8
2025-07-23,PRD0077,2346,1253,5,24.4
2025-07-30,PRD0077,2005,754,3,17.6
2025-08-06,PRD0077,2053,778,2,17.6
2025-08-13,PRD0077,2231,1158,4,22.7
2025-08-20,PRD0077,2415,967,3,21.4
2025-08-27,PRD0077,2000,944,2,16.5
2025-09-03,PRD0077,2527,1294,4,26.1
2025-09-10,PRD0077,2345,831,5,26.6
2025-09-17,PRD0077,1995,1019,2,17.0
2025-09-24,PRD0077,2117,817,2,18.4
2025-10-01,PRD0077,1987,800,3,18.5
2025-10-08,PRD0077,1946,697,2,15.9
2025-10-15,PRD0077,1546,766,1,11.9
2025-10-22,PRD0077,1373,490,2,12.5
2025-10-29,PRD0077,1377,519,1,10.9
2025-11-05,PRD0077,1313,650,1,10.4
2025-11-12,PRD0077,1434,680,1,10.8
2025-11-19,PRD0077,1021,489,1,8.1
2025-11-26,PRD0077,1230,674,1,10.5
2025-12-03,PRD0077,878,356,0,5.5
2025-12-10,PRD0077,1090,398,0,6.6
2025-12-17,PRD0077,826,309,0,5.2
2025-12-24,PRD0077,891,488,0,5.6
2025-12-31,PRD0077,842,343,0,5.7
2026-01-07,PRD0077,709,328,0,4.5
2026-01-14,PRD0077,585,232,0,3.6
2026-01-21,PRD0077,617,294,0,3.9
2026-01-28,PRD0077,595,255,0,3.9
2026-02-04,PRD0077,583,251,0,3.9
2026-02-11,PRD0077,545,232,0,3.6
2026-02-18,PRD0077,492,264,0,3.0
2026-02-25,PRD0077,437,167,0,2.6
2026-03-04,PRD0077,413,157,0,2.5
2026-03-11,PRD0077,393,171,0,2.6
2026-03-18,PRD0077,370,159,0,2.2
2026-03-25,PRD0077,332,169,0,2.3
2026-04-01,PRD0077,345,178,0,2.1
2026-04-08,PRD0077,352,128,0,2.4
2026-04-15,PRD0077,359,168,0,2.3
2026-04-22,PRD0077,315,154,0,1.9
2026-04-29,PRD0077,359,146,0,2.4
2026-05-06,PRD0077,303,132,0,2.1
2026-05-13,PRD0077,367,173,0,2.3
2026-05-20,PRD0077,328,166,0,2.1
2026-05-27,PRD0077,319,118,0,2.1
2026-06-03,PRD0077,382,134,0,2.5
2026-06-10,PRD0077,362,185,0,2.2
2026-06-17,PRD0077,372,136,0,2.4
2026-06-24,PRD0077,303,161,0,2.0
2025-07-04,PRD0078,7453,3596,10,66.7
2025-07-11,PRD0078,8042,3727,14,76.6
2025-07-18,PRD0078,8283,2980,10,74.8
2025-07-25,PRD0078,7930,2828,9,65.9
2025-08-01,PRD0078,8889,4095,11,83.5
2025-08-08,PRD0078,8795,3849,13,86.3
2025-08-15,PRD0078,7980,3431,16,78.0
2025-08-22,PRD0078,7550,3036,12,67.1
2025-08-29,PRD0078,7310,2784,12,72.2
2025-09-05,PRD0078,7767,4047,18,89.9
2025-09-12,PRD0078,7685,3766,13,70.1
2025-09-19,PRD0078,7518,2941,17,86.5
2025-09-26,PRD0078,7438,3456,9,67.8
2025-10-03,PRD0078,8416,4327,13,79.4
2025-10-10,PRD0078,8216,3997,17,84.7
2025-10-17,PRD0078,6829,3730,15,78.7
2025-10-24,PRD0078,9031,4466,20,99.9
2025-10-31,PRD0078,8287,3823,18,91.3
2025-11-07,PRD0078,7806,4097,14,73.1
2025-11-14,PRD0078,7105,2745,10,70.2
2025-11-21,PRD0078,7609,3390,13,72.4
2025-11-28,PRD0078,7667,3367,14,81.1
2025-12-05,PRD0078,8702,4490,11,81.4
2025-12-12,PRD0078,8064,3740,10,72.0
2025-12-19,PRD0078,7064,2569,12,71.3
2025-12-26,PRD0078,7331,3451,8,60.4
2026-01-02,PRD0078,6870,3256,7,60.6
2026-01-09,PRD0078,5803,2778,8,53.1
2026-01-16,PRD0078,5242,2232,5,46.5
2026-01-23,PRD0078,4761,1954,5,41.6
2026-01-30,PRD0078,4876,2004,6,42.9
2026-02-06,PRD0078,4336,1809,4,36.3
2026-02-13,PRD0078,4441,2291,3,35.3
2026-02-20,PRD0078,3952,2131,4,32.4
2026-02-27,PRD0078,3285,1539,2,27.2
2026-03-06,PRD0078,2985,1611,2,23.2
2026-03-13,PRD0078,3474,1642,2,27.1
2026-03-20,PRD0078,3199,1563,2,23.5
2026-03-27,PRD0078,2893,1302,1,19.5
2026-04-03,PRD0078,2808,1393,1,18.9
2026-04-10,PRD0078,2788,1184,1,20.6
2026-04-17,PRD0078,2524,1154,1,17.9
2026-04-24,PRD0078,2222,1110,1,17.2
2026-05-01,PRD0078,1963,1014,0,12.8
2026-05-08,PRD0078,1739,662,0,11.4
2026-05-15,PRD0078,1775,662,0,10.9
2026-05-22,PRD0078,1671,847,0,10.8
2026-05-29,PRD0078,1418,567,0,9.9
2026-06-05,PRD0078,1414,566,0,9.4
2026-06-12,PRD0078,1348,693,0,8.5
2026-06-19,PRD0078,1263,586,0,8.2
2026-06-26,PRD0078,1343,570,0,8.1
2026-02-08,PRD0079,4369,2060,7,38.9
2026-02-15,PRD0079,4890,1742,10,53.3
2026-02-22,PRD0079,3767,1607,6,37.0
2026-03-01,PRD0079,4077,1779,6,40.8
2026-03-08,PRD0079,3961,1701,5,33.4
2026-03-15,PRD0079,3646,1845,5,34.8
2026-03-22,PRD0079,3326,1431,3,29.6
2026-03-29,PRD0079,3212,1278,4,30.0
2026-04-05,PRD0079,3124,1121,2,22.8
2026-04-12,PRD0079,2589,1309,3,21.7
2026-04-19,PRD0079,2299,893,1,16.3
2026-04-26,PRD0079,2331,1215,1,17.5
2026-05-03,PRD0079,2071,892,1,14.8
2026-05-10,PRD0079,2266,1050,1,17.5
2026-05-17,PRD0079,2004,909,0,13.4
2026-05-24,PRD0079,2013,708,0,13.0
2026-05-31,PRD0079,1854,935,1,13.7
2026-06-07,PRD0079,1559,553,0,10.7
2026-06-14,PRD0079,1685,729,1,12.8
2026-06-21,PRD0079,1276,645,0,8.8
2026-06-28,PRD0079,1316,573,0,8.0
2025-04-18,PRD0080,5243,2838,11,52.7
2025-04-25,PRD0080,4632,2230,7,41.5
2025-05-02,PRD0080,4802,2567,9,50.9
2025-05-09,PRD0080,5055,2584,6,43.4
2025-05-16,PRD0080,5163,2123,12,59.2
2025-05-23,PRD0080,4913,1979,9,48.6
2025-05-30,PRD0080,4794,1883,7,47.0
2025-06-06,PRD0080,4657,2491,6,39.4
2025-06-13,PRD0080,5393,2461,11,60.0
2025-06-20,PRD0080,4750,1865,10,48.0
2025-06-27,PRD0080,5683,2770,7,48.3
2025-07-04,PRD0080,5472,2619,7,49.9
2025-07-11,PRD0080,4903,2648,8,46.0
2025-07-18,PRD0080,4387,2218,6,40.2
2025-07-25,PRD0080,4358,1858,5,35.3
2025-08-01,PRD0080,4728,1885,6,40.9
2025-08-08,PRD0080,3582,1385,4,29.7
2025-08-15,PRD0080,3418,1543,5,31.5
2025-08-22,PRD0080,3874,1391,5,37.6
2025-08-29,PRD0080,3227,1199,3,28.0
2025-09-05,PRD0080,3208,1362,3,27.3
2025-09-12,PRD0080,2450,1061,3,21.8
2025-09-19,PRD0080,2577,1337,2,19.2
2025-09-26,PRD0080,2334,1196,1,16.4
2025-10-03,PRD0080,1991,1033,1,15.6
2025-10-10,PRD0080,1986,813,1,13.9
2025-10-17,PRD0080,1950,949,1,15.0
2025-10-24,PRD0080,1898,966,1,15.3
2025-10-31,PRD0080,1713,820,0,10.5
2025-11-07,PRD0080,1738,853,1,13.6
2025-11-14,PRD0080,1195,624,0,7.3
2025-11-21,PRD0080,1284,598,0,7.7
2025-11-28,PRD0080,1028,428,0,6.8
2025-12-05,PRD0080,1057,399,0,7.3
2025-12-12,PRD0080,857,329,0,5.8
2025-12-19,PRD0080,967,437,0,6.1
2025-12-26,PRD0080,951,509,0,6.4
2026-01-02,PRD0080,727,327,0,4.9
2026-01-09,PRD0080,654,282,0,4.5
2026-01-16,PRD0080,654,269,0,4.2
2026-01-23,PRD0080,790,331,0,4.9
2026-01-30,PRD0080,646,330,0,4.5
2026-02-06,PRD0080,655,272,0,4.3
2026-02-13,PRD0080,762,268,0,5.2
2026-02-20,PRD0080,737,330,0,5.1
2026-02-27,PRD0080,678,284,0,4.7
2026-03-06,PRD0080,703,264,0,4.7
2026-03-13,PRD0080,656,281,0,4.1
2026-03-20,PRD0080,760,314,0,4.9
2026-03-27,PRD0080,805,354,0,5.2
2026-04-03,PRD0080,733,265,0,4.6
2026-04-10,PRD0080,849,440,0,5.8
2026-04-17,PRD0080,778,403,0,5.2
2026-04-24,PRD0080,688,272,0,4.5
2026-05-01,PRD0080,821,406,0,5.5
2026-05-08,PRD0080,855,469,0,5.8
2026-05-15,PRD0080,698,318,0,4.4
2026-05-22,PRD0080,734,374,0,4.8
2026-05-29,PRD0080,722,376,0,4.4
2026-06-05,PRD0080,769,399,0,4.9
2026-06-12,PRD0080,835,426,0,5.1
2026-06-19,PRD0080,744,408,0,4.7
2026-06-26,PRD0080,700,349,0,4.5
2025-02-07,PRD0081,4349,2209,6,39.3
2025-02-14,PRD0081,4433,1814,7,45.4
2025-02-21,PRD0081,4568,2291,8,46.1
2025-02-28,PRD0081,4019,1957,7,38.8
2025-03-07,PRD0081,4225,2190,6,39.7
2025-03-14,PRD0081,4460,2383,10,50.1
2025-03-21,PRD0081,4214,1659,5,36.6
2025-03-28,PRD0081,4396,1568,9,45.7
2025-04-04,PRD0081,4256,1877,8,43.1
2025-04-11,PRD0081,4667,1824,8,48.2
2025-04-18,PRD0081,3871,1527,6,35.1
2025-04-25,PRD0081,4653,2334,8,47.0
2025-05-02,PRD0081,3794,2045,8,43.3
2025-05-09,PRD0081,3844,1771,6,34.9
2025-05-16,PRD0081,4714,2033,11,53.3
2025-05-23,PRD0081,3902,1523,5,36.1
2025-05-30,PRD0081,4693,1691,6,43.0
2025-06-06,PRD0081,4891,1958,8,49.5
2025-06-13,PRD0081,4742,2503,10,53.8
2025-06-20,PRD0081,4175,2283,6,37.2
2025-06-27,PRD0081,4876,2095,7,42.8
2025-07-04,PRD0081,4127,1888,6,40.2
2025-07-11,PRD0081,4462,1642,8,42.8
2025-07-18,PRD0081,4614,1659,9,50.2
2025-07-25,PRD0081,4028,1837,8,40.7
2025-08-01,PRD0081,4375,2213,7,39.5
2025-08-08,PRD0081,4934,2350,10,51.7
2025-08-15,PRD0081,3696,1416,5,32.8
2025-08-22,PRD0081,3870,1975,6,39.5
2025-08-29,PRD0081,4217,2313,9,44.0
2025-09-05,PRD0081,4724,2106,10,53.7
2025-09-12,PRD0081,4399,2100,7,41.6
2025-09-19,PRD0081,4566,1636,9,50.5
2025-09-26,PRD0081,3903,1560,5,35.0
2025-10-03,PRD0081,4856,1789,11,56.3
2025-10-10,PRD0081,4412,2395,10,51.5
2025-10-17,PRD0081,4692,2263,8,45.9
2025-10-24,PRD0081,4365,1950,10,48.0
2025-10-31,PRD0081,3947,2011,5,37.0
2025-11-07,PRD0081,4731,2192,10,47.7
2025-11-14,PRD0081,4746,2110,9,47.6
2025-11-21,PRD0081,4074,1773,6,39.7
2025-11-28,PRD0081,4388,1980,7,39.1
2025-12-05,PRD0081,3786,1356,6,35.3
2025-12-12,PRD0081,4574,1738,5,40.6
2025-12-19,PRD0081,4633,2229,5,41.2
2025-12-26,PRD0081,4319,1768,10,44.4
2026-01-02,PRD0081,4042,1817,5,38.0
2026-01-09,PRD0081,3772,1975,5,33.8
2026-01-16,PRD0081,4820,1995,10,53.0
2026-01-23,PRD0081,4146,1787,8,42.2
2026-01-30,PRD0081,4042,2081,5,37.2
2026-02-06,PRD0081,3755,1715,7,36.8
2026-02-13,PRD0081,4389,2360,6,37.2
2026-02-20,PRD0081,4941,2231,8,50.7
2026-02-27,PRD0081,4579,1800,8,46.4
2026-03-06,PRD0081,4238,2157,9,44.0
2026-03-13,PRD0081,4955,1886,6,43.8
2026-03-20,PRD0081,4032,1946,6,39.1
2026-03-27,PRD0081,4491,1985,5,36.2
2026-04-03,PRD0081,3822,1668,7,40.5
2026-04-10,PRD0081,4312,1623,8,42.6
2026-04-17,PRD0081,4426,1590,9,43.9
2026-04-24,PRD0081,4625,1945,6,43.1
2026-05-01,PRD0081,4944,2175,5,40.4
2026-05-08,PRD0081,4525,1762,8,43.9
2026-05-15,PRD0081,3893,2070,6,39.6
2026-05-22,PRD0081,4505,1911,7,40.5
2026-05-29,PRD0081,4242,1663,8,42.8
2026-06-05,PRD0081,4051,1551,4,35.6
2026-06-12,PRD0081,4118,2212,6,40.6
2026-06-19,PRD0081,4977,2700,11,52.1
2026-06-26,PRD0081,4737,2441,8,44.0
2025-01-02,PRD0082,5373,2526,9,52.8
2025-01-09,PRD0082,6394,2465,12,69.5
2025-01-16,PRD0082,6892,3673,14,69.2
2025-01-23,PRD0082,6812,2975,14,71.4
2025-01-30,PRD0082,6736,2705,9,59.5
2025-02-06,PRD0082,6279,2627,9,61.9
2025-02-13,PRD0082,6078,2327,14,65.5
2025-02-20,PRD0082,6001,2505,10,60.4
2025-02-27,PRD0082,5694,3011,12,61.8
2025-03-06,PRD0082,6651,3143,12,69.3
2025-03-13,PRD0082,5547,2971,10,56.8
2025-03-20,PRD0082,5364,2382,11,60.3
2025-03-27,PRD0082,6273,3100,11,57.5
2025-04-03,PRD0082,5256,2574,9,51.5
2025-04-10,PRD0082,5368,2822,9,54.0
2025-04-17,PRD0082,6894,3561,9,60.1
2025-04-24,PRD0082,5416,1931,9,53.6
2025-05-01,PRD0082,5233,2627,10,51.6
2025-05-08,PRD0082,6642,3619,15,74.4
2025-05-15,PRD0082,5406,2153,12,55.1
2025-05-22,PRD0082,5971,3068,10,62.0
2025-05-29,PRD0082,5606,3038,8,52.6
2025-06-05,PRD0082,6566,3452,12,66.3
2025-06-12,PRD0082,5365,2532,7,52.1
2025-06-19,PRD0082,6244,3415,9,60.8
2025-06-26,PRD0082,5434,2527,10,57.6
2025-07-03,PRD0082,6883,3300,10,63.4
2025-07-10,PRD0082,5890,2878,12,64.5
2025-07-17,PRD0082,5286,2223,11,51.7
2025-07-24,PRD0082,5443,2374,12,61.0
2025-07-31,PRD0082,5980,3025,10,54.0
2025-08-07,PRD0082,6442,2439,12,66.0
2025-08-14,PRD0082,6412,3060,11,66.5
2025-08-21,PRD0082,5874,3071,11,57.8
2025-08-28,PRD0082,5956,2666,13,66.1
2025-09-04,PRD0082,5714,2752,7,54.1
2025-09-11,PRD0082,5456,2180,9,53.0
2025-09-18,PRD0082,5397,2650,6,46.3
2025-09-25,PRD0082,6860,3514,10,64.8
2025-10-02,PRD0082,6265,2575,9,58.9
2025-10-09,PRD0082,6202,2514,13,68.1
2025-10-16,PRD0082,6355,3323,13,68.6
2025-10-23,PRD0082,5453,2419,11,55.4
2025-10-30,PRD0082,5496,2832,12,55.5
2025-11-06,PRD0082,5538,1960,9,51.7
2025-11-13,PRD0082,5588,2959,11,53.8
2025-11-20,PRD0082,6924,3009,9,59.5
2025-11-27,PRD0082,5668,2523,8,53.5
2025-12-04,PRD0082,6114,2373,13,61.7
2025-12-11,PRD0082,5575,2337,8,48.4
2025-12-18,PRD0082,5224,2088,7,44.6
2025-12-25,PRD0082,5188,2551,8,48.2
2026-01-01,PRD0082,6106,2746,13,69.6
2026-01-08,PRD0082,5621,3088,7,47.5
2026-01-15,PRD0082,6760,3471,13,74.0
2026-01-22,PRD0082,5850,2130,11,56.3
2026-01-29,PRD0082,6611,3445,8,56.2
2026-02-05,PRD0082,6589,2353,11,64.4
2026-02-12,PRD0082,6200,3217,13,68.0
2026-02-19,PRD0082,6743,3578,10,65.7
2026-02-26,PRD0082,6459,2661,15,76.0
2026-03-05,PRD0082,6903,3267,15,69.7
2026-03-12,PRD0082,6392,3334,10,61.0
2026-03-19,PRD0082,5357,2873,9,50.2
2026-03-26,PRD0082,6875,3274,9,60.1
2026-04-02,PRD0082,5583,2891,9,55.9
2026-04-09,PRD0082,5380,2799,10,57.6
2026-04-16,PRD0082,6328,3343,13,63.8
2026-04-23,PRD0082,5375,2820,6,46.2
2026-04-30,PRD0082,5270,1888,7,46.5
2026-05-07,PRD0082,6157,2629,13,67.1
2026-05-14,PRD0082,5898,2589,13,61.8
2026-05-21,PRD0082,6380,3116,10,64.8
2026-05-28,PRD0082,6053,3020,11,57.1
2026-06-04,PRD0082,5280,2148,11,57.8
2026-06-11,PRD0082,6677,3315,12,66.7
2026-06-18,PRD0082,6068,2731,7,53.9
2026-06-25,PRD0082,5206,2654,11,56.6
2026-05-26,PRD0083,1987,792,3,18.5
2026-06-02,PRD0083,2063,1014,4,19.9
2026-06-09,PRD0083,2253,947,3,20.8
2026-06-16,PRD0083,2362,1123,4,22.7
2026-06-23,PRD0083,2362,1185,4,21.9
2026-06-30,PRD0083,2044,929,2,18.4
2025-10-22,PRD0084,6717,2561,8,60.5
2025-10-29,PRD0084,6413,3108,14,66.8
2025-11-05,PRD0084,5656,2198,8,51.7
2025-11-12,PRD0084,5397,2445,11,58.4
2025-11-19,PRD0084,5418,2474,6,46.2
2025-11-26,PRD0084,6203,3268,13,66.5
2025-12-03,PRD0084,7236,3069,14,72.6
2025-12-10,PRD0084,5902,2713,9,59.3
2025-12-17,PRD0084,5857,2613,10,61.5
2025-12-24,PRD0084,6081,2754,10,57.9
2025-12-31,PRD0084,7008,2926,12,64.7
2026-01-07,PRD0084,6168,2595,7,55.1
2026-01-14,PRD0084,6870,3532,9,60.3
2026-01-21,PRD0084,7117,2618,8,63.1
2026-01-28,PRD0084,6195,2897,8,57.8
2026-02-04,PRD0084,5619,2561,13,61.2
2026-02-11,PRD0084,6800,2670,14,73.7
2026-02-18,PRD0084,6277,2500,12,60.2
2026-02-25,PRD0084,6301,2907,8,59.0
2026-03-04,PRD0084,6954,2583,10,64.5
2026-03-11,PRD0084,5655,2942,7,51.7
2026-03-18,PRD0084,5626,2390,12,58.5
2026-03-25,PRD0084,5409,1955,8,51.5
2026-04-01,PRD0084,5423,2975,11,58.1
2026-04-08,PRD0084,6474,2978,9,62.8
2026-04-15,PRD0084,6124,2704,11,61.1
2026-04-22,PRD0084,5951,2198,8,51.8
2026-04-29,PRD0084,6866,2790,12,70.9
2026-05-06,PRD0084,5476,1949,7,47.1
2026-05-13,PRD0084,5662,2329,13,66.8
2026-05-20,PRD0084,6295,3429,9,57.9
2026-05-27,PRD0084,6440,3492,10,66.0
2026-06-03,PRD0084,6146,2627,11,61.4
2026-06-10,PRD0084,5732,2120,11,57.6
2026-06-17,PRD0084,5639,2148,12,61.3
2026-06-24,PRD0084,5469,2095,8,48.2
2025-09-03,PRD0085,9872,4021,16,98.9
2025-09-10,PRD0085,8694,4517,20,90.9
2025-09-17,PRD0085,7708,3266,14,72.0
2025-09-24,PRD0085,8194,4380,18,83.8
2025-10-01,PRD0085,9781,5149,11,79.4
2025-10-08,PRD0085,8565,3072,15,79.9
2025-10-15,PRD0085,7975,3714,14,79.8
2025-10-22,PRD0085,9541,4266,18,98.4
2025-10-29,PRD0085,8509,3307,11,72.5
2025-11-05,PRD0085,8534,3538,15,88.8
2025-11-12,PRD0085,9770,4011,13,84.0
2025-11-19,PRD0085,9615,3864,17,92.0
2025-11-26,PRD0085,8940,3831,18,89.5
2025-12-03,PRD0085,8721,3858,13,76.3
2025-12-10,PRD0085,9995,5172,22,100.0
2025-12-17,PRD0085,7583,2885,15,80.1
2025-12-24,PRD0085,9649,5152,20,100.0
2025-12-31,PRD0085,8157,3790,9,66.1
2026-01-07,PRD0085,8197,4394,17,91.4
2026-01-14,PRD0085,9002,4490,19,100.0
2026-01-21,PRD0085,9628,4555,20,100.0
2026-01-28,PRD0085,8501,4093,16,91.6
2026-02-04,PRD0085,9421,4068,17,98.4
2026-02-11,PRD0085,8265,4494,12,72.1
2026-02-18,PRD0085,7746,3881,14,73.0
2026-02-25,PRD0085,9770,5089,19,97.6
2026-03-04,PRD0085,10010,4187,13,93.3
2026-03-11,PRD0085,7913,3776,13,77.8
2026-03-18,PRD0085,7505,3094,9,64.9
2026-03-25,PRD0085,7503,3743,16,83.7
2026-04-01,PRD0085,9888,4357,15,98.1
2026-04-08,PRD0085,8713,3420,10,71.5
2026-04-15,PRD0085,9641,4056,22,100.0
2026-04-22,PRD0085,8753,4720,12,78.2
2026-04-29,PRD0085,10084,4738,21,100.0
2026-05-06,PRD0085,8208,3238,18,94.4
2026-05-13,PRD0085,8202,3884,15,87.9
2026-05-20,PRD0085,8889,3117,20,93.0
2026-05-27,PRD0085,7781,3079,16,88.1
2026-06-03,PRD0085,8264,3199,16,91.0
2026-06-10,PRD0085,7686,3971,9,64.1
2026-06-17,PRD0085,9508,4185,14,83.1
2026-06-24,PRD0085,9209,3306,16,97.3
2025-06-03,PRD0086,5053,2613,6,47.9
2025-06-10,PRD0086,5944,2845,9,58.7
2025-06-17,PRD0086,5188,2050,6,48.4
2025-06-24,PRD0086,4938,2005,7,45.9
2025-07-01,PRD0086,5704,2338,10,59.0
2025-07-08,PRD0086,6002,3080,11,60.5
2025-07-15,PRD0086,5796,2570,13,60.6
2025-07-22,PRD0086,6300,2236,7,57.9
2025-07-29,PRD0086,6282,2203,8,56.3
2025-08-05,PRD0086,6555,3423,13,66.0
2025-08-12,PRD0086,6471,3035,14,72.7
2025-08-19,PRD0086,6518,2860,8,61.8
2025-08-26,PRD0086,5029,1867,10,51.6
2025-09-02,PRD0086,4992,1783,9,47.5
2025-09-09,PRD0086,5062,2061,6,47.8
2025-09-16,PRD0086,5519,2869,9,51.6
2025-09-23,PRD0086,5303,2561,9,53.3
2025-09-30,PRD0086,6165,3372,14,66.1
2025-10-07,PRD0086,5181,2401,6,47.3
2025-10-14,PRD0086,4947,1940,7,44.0
2025-10-21,PRD0086,4904,2635,6,44.4
2025-10-28,PRD0086,6280,2931,10,59.4
2025-11-04,PRD0086,5503,2717,11,61.2
2025-11-11,PRD0086,5963,2859,10,54.7
2025-11-18,PRD0086,5688,3084,12,62.8
2025-11-25,PRD0086,6103,2324,11,63.2
2025-12-02,PRD0086,5165,2756,11,57.7
2025-12-09,PRD0086,6325,3283,10,59.0
2025-12-16,PRD0086,5964,2270,9,59.0
2025-12-23,PRD0086,5305,2133,6,49.2
2025-12-30,PRD0086,4730,2403,8,46.2
2026-01-06,PRD0086,4253,1516,3,32.8
2026-01-13,PRD0086,4037,1597,4,34.6
2026-01-20,PRD0086,3927,1679,4,32.8
2026-01-27,PRD0086,3558,1379,4,32.1
2026-02-03,PRD0086,3134,1610,3,26.6
2026-02-10,PRD0086,3293,1588,3,26.5
2026-02-17,PRD0086,2985,1182,2,22.4
2026-02-24,PRD0086,2599,1420,2,22.3
2026-03-03,PRD0086,2436,1322,1,16.8
2026-03-10,PRD0086,2251,936,1,15.7
2026-03-17,PRD0086,1761,851,1,14.0
2026-03-24,PRD0086,2026,731,1,14.9
2026-03-31,PRD0086,1913,845,1,15.0
2026-04-07,PRD0086,1783,847,0,12.4
2026-04-14,PRD0086,1343,650,0,8.2
2026-04-21,PRD0086,1508,619,0,10.3
2026-04-28,PRD0086,1511,736,0,10.1
2026-05-05,PRD0086,1270,476,0,7.9
2026-05-12,PRD0086,1240,565,0,8.5
2026-05-19,PRD0086,1285,512,0,8.8
2026-05-26,PRD0086,1236,611,0,7.6
2026-06-02,PRD0086,1124,512,0,6.9
2026-06-09,PRD0086,1033,470,0,7.0
2026-06-16,PRD0086,841,401,0,5.6
2026-06-23,PRD0086,775,335,0,5.2
2026-06-30,PRD0086,797,359,0,5.3
2026-01-15,PRD0087,7204,2916,14,70.1
2026-01-22,PRD0087,7244,3568,13,74.2
2026-01-29,PRD0087,5899,3126,6,53.0
2026-02-05,PRD0087,6846,3644,7,61.6
2026-02-12,PRD0087,5878,2768,8,52.3
2026-02-19,PRD0087,6172,2546,9,56.9
2026-02-26,PRD0087,4698,2133,6,40.6
2026-03-05,PRD0087,4959,2496,6,43.5
2026-03-12,PRD0087,4941,1844,4,42.8
2026-03-19,PRD0087,3865,1371,3,28.7
2026-03-26,PRD0087,3667,1900,2,27.1
2026-04-02,PRD0087,3764,1359,3,29.8
2026-04-09,PRD0087,3587,1636,3,27.2
2026-04-16,PRD0087,3234,1576,1,23.8
2026-04-23,PRD0087,3438,1525,1,23.1
2026-04-30,PRD0087,2766,1369,1,19.0
2026-05-07,PRD0087,2316,1179,1,16.5
2026-05-14,PRD0087,2562,1384,1,17.8
2026-05-21,PRD0087,2604,1208,1,18.5
2026-05-28,PRD0087,2201,1106,0,15.3
2026-06-04,PRD0087,1891,832,0,11.5
2026-06-11,PRD0087,1734,742,0,10.4
2026-06-18,PRD0087,1747,947,0,11.6
2026-06-25,PRD0087,1498,572,0,9.4
2025-05-29,PRD0088,9147,3577,11,74.9
2025-06-05,PRD0088,7142,3068,10,68.4
2025-06-12,PRD0088,8298,3146,19,92.8
2025-06-19,PRD0088,9505,4388,17,90.9
2025-06-26,PRD0088,9293,4859,20,92.4
2025-07-03,PRD0088,8207,4047,15,77.3
2025-07-10,PRD0088,8617,3411,14,81.4
2025-07-17,PRD0088,9320,4277,12,77.6
2025-07-24,PRD0088,7368,2673,12,66.1
2025-07-31,PRD0088,7768,3565,11,73.9
2025-08-07,PRD0088,8121,4006,14,82.5
2025-08-14,PRD0088,8928,3498,14,79.6
2025-08-21,PRD0088,8587,4260,13,76.1
2025-08-28,PRD0088,8797,3111,14,79.0
2025-09-04,PRD0088,8310,3936,16,88.7
2025-09-11,PRD0088,8799,3306,19,90.0
2025-09-18,PRD0088,7154,2804,8,61.6
2025-09-25,PRD0088,7356,3048,10,68.9
2025-10-02,PRD0088,7609,3736,10,66.5
2025-10-09,PRD0088,7389,3796,11,74.8
2025-10-16,PRD0088,7858,3072,10,69.9
2025-10-23,PRD0088,8459,4397,15,89.0
2025-10-30,PRD0088,7314,3167,12,66.8
2025-11-06,PRD0088,9122,4624,17,97.2
2025-11-13,PRD0088,8206,3981,9,67.7
2025-11-20,PRD0088,7039,2989,16,71.8
2025-11-27,PRD0088,7083,2620,11,68.3
2025-12-04,PRD0088,7046,3432,10,68.2
2025-12-11,PRD0088,7859,2793,12,76.3
2025-12-18,PRD0088,8252,3382,15,81.8
2025-12-25,PRD0088,8758,3968,16,85.4
2026-01-01,PRD0088,7331,2574,15,78.7
2026-01-08,PRD0088,9431,4070,17,97.4
2026-01-15,PRD0088,7281,3595,10,65.1
2026-01-22,PRD0088,7439,3096,10,65.2
2026-01-29,PRD0088,7440,3587,17,87.0
2026-02-05,PRD0088,7841,4057,11,71.9
2026-02-12,PRD0088,8141,3344,13,75.5
2026-02-19,PRD0088,7178,3516,14,73.9
2026-02-26,PRD0088,8041,4323,16,85.7
2026-03-05,PRD0088,8515,3059,11,72.3
2026-03-12,PRD0088,7854,2998,12,74.5
2026-03-19,PRD0088,8117,3135,14,80.6
2026-03-26,PRD0088,8373,3603,12,83.6
2026-04-02,PRD0088,7722,3610,18,79.0
2026-04-09,PRD0088,9292,3918,21,100.0
2026-04-16,PRD0088,8296,4076,15,78.3
2026-04-23,PRD0088,8386,3048,19,96.4
2026-04-30,PRD0088,9089,3419,17,97.8
2026-05-07,PRD0088,7950,3899,18,90.4
2026-05-14,PRD0088,8677,3669,19,86.9
2026-05-21,PRD0088,8865,3727,14,82.6
2026-05-28,PRD0088,8267,3897,18,83.5
2026-06-04,PRD0088,7504,3300,14,76.6
2026-06-11,PRD0088,7081,2910,11,66.6
2026-06-18,PRD0088,7390,3878,11,73.4
2026-06-25,PRD0088,7294,4007,8,63.7
2026-03-01,PRD0089,1729,920,2,15.7
2026-03-08,PRD0089,1690,917,2,15.5
2026-03-15,PRD0089,1564,733,2,13.0
2026-03-22,PRD0089,1276,557,2,11.5
2026-03-29,PRD0089,1304,591,1,10.0
2026-04-05,PRD0089,1351,548,2,13.2
2026-04-12,PRD0089,1212,562,1,9.8
2026-04-19,PRD0089,1192,447,0,8.2
2026-04-26,PRD0089,962,346,1,8.6
2026-05-03,PRD0089,955,477,1,8.4
2026-05-10,PRD0089,772,326,0,5.4
2026-05-17,PRD0089,825,373,0,5.6
2026-05-24,PRD0089,693,322,0,4.3
2026-05-31,PRD0089,794,279,0,5.0
2026-06-07,PRD0089,686,374,0,4.8
2026-06-14,PRD0089,585,237,0,4.0
2026-06-21,PRD0089,650,267,0,4.5
2026-06-28,PRD0089,556,286,0,3.4
2025-11-02,PRD0090,2022,1018,4,22.5
2025-11-09,PRD0090,1928,1035,3,17.7
2025-11-16,PRD0090,2098,822,3,19.0
2025-11-23,PRD0090,1857,860,1,14.7
2025-11-30,PRD0090,1682,733,2,14.4
2025-12-07,PRD0090,1404,680,1,11.4
2025-12-14,PRD0090,1265,563,1,10.7
2025-12-21,PRD0090,1467,656,1,11.0
2025-12-28,PRD0090,1398,516,1,11.0
2026-01-04,PRD0090,1124,600,1,8.8
2026-01-11,PRD0090,1253,439,1,9.7
2026-01-18,PRD0090,1005,391,0,6.4
2026-01-25,PRD0090,1135,490,0,7.2
2026-02-01,PRD0090,921,463,0,5.7
2026-02-08,PRD0090,1044,559,0,6.7
2026-02-15,PRD0090,825,340,0,5.2
2026-02-22,PRD0090,786,299,0,4.8
2026-03-01,PRD0090,612,246,0,3.9
2026-03-08,PRD0090,619,220,0,3.9
2026-03-15,PRD0090,637,348,0,4.4
2026-03-22,PRD0090,528,234,0,3.4
2026-03-29,PRD0090,564,286,0,3.8
2026-04-05,PRD0090,417,159,0,2.6
2026-04-12,PRD0090,390,186,0,2.6
2026-04-19,PRD0090,464,192,0,3.0
2026-04-26,PRD0090,361,137,0,2.4
2026-05-03,PRD0090,392,165,0,2.5
2026-05-10,PRD0090,332,116,0,2.1
2026-05-17,PRD0090,342,142,0,2.2
2026-05-24,PRD0090,352,158,0,2.3
2026-05-31,PRD0090,339,172,0,2.1
2026-06-07,PRD0090,412,191,0,2.6
2026-06-14,PRD0090,309,140,0,2.1
2026-06-21,PRD0090,346,166,0,2.1
2026-06-28,PRD0090,401,185,0,2.7
2025-12-19,PRD0091,6223,2880,10,58.4
2025-12-26,PRD0091,5959,2209,12,57.7
2026-01-02,PRD0091,7252,3866,8,64.9
2026-01-09,PRD0091,7905,3839,11,67.9
2026-01-16,PRD0091,7129,2792,11,62.9
2026-01-23,PRD0091,6821,3036,9,58.2
2026-01-30,PRD0091,6291,2294,12,66.1
2026-02-06,PRD0091,7485,3844,14,77.5
2026-02-13,PRD0091,7661,3816,10,73.8
2026-02-20,PRD0091,7544,3559,10,72.2
2026-02-27,PRD0091,6378,2845,8,60.7
2026-03-06,PRD0091,5998,2166,11,64.0
2026-03-13,PRD0091,6976,3351,12,66.4
2026-03-20,PRD0091,6858,2474,10,64.7
2026-03-27,PRD0091,6935,3178,15,77.6
2026-04-03,PRD0091,7769,4169,9,64.8
2026-04-10,PRD0091,6242,3008,13,68.4
2026-04-17,PRD0091,5964,2181,14,65.3
2026-04-24,PRD0091,7114,2565,11,66.8
2026-05-01,PRD0091,6785,3057,10,66.0
2026-05-08,PRD0091,6475,2795,14,68.5
2026-05-15,PRD0091,7355,2602,12,74.8
2026-05-22,PRD0091,6464,2463,12,69.6
2026-05-29,PRD0091,7995,3081,14,78.7
2026-06-05,PRD0091,6882,2753,12,72.4
2026-06-12,PRD0091,6455,2829,14,71.4
2026-06-19,PRD0091,6479,2679,11,66.3
2026-06-26,PRD0091,6021,2629,8,55.7
2025-06-21,PRD0092,2593,1142,5,26.8
2025-06-28,PRD0092,2324,1056,5,23.5
2025-07-05,PRD0092,2823,1070,4,27.0
2025-07-12,PRD0092,2754,1380,4,25.5
2025-07-19,PRD0092,2205,858,3,20.6
2025-07-26,PRD0092,2936,1047,4,27.8
2025-08-02,PRD0092,2626,924,3,23.6
2025-08-09,PRD0092,2953,1270,4,26.9
2025-08-16,PRD0092,2880,1490,5,26.9
2025-08-23,PRD0092,2657,1031,3,22.0
2025-08-30,PRD0092,2796,1125,5,27.3
2025-09-06,PRD0092,2968,1437,4,28.5
2025-09-13,PRD0092,2819,1034,5,30.1
2025-09-20,PRD0092,2636,1060,3,22.8
2025-09-27,PRD0092,2928,1094,3,24.9
2025-10-04,PRD0092,2767,1190,6,27.9
2025-10-11,PRD0092,2336,1041,4,23.8
2025-10-18,PRD0092,2246,1157,2,17.7
2025-10-25,PRD0092,2534,1164,4,24.1
2025-11-01,PRD0092,2499,1224,4,23.3
2025-11-08,PRD0092,2268,818,5,23.0
2025-11-15,PRD0092,2924,1357,3,25.5
2025-11-22,PRD0092,2243,832,4,21.9
2025-11-29,PRD0092,2769,975,3,23.3
2025-12-06,PRD0092,2428,1079,4,25.1
2025-12-13,PRD0092,2382,1158,3,20.0
2025-12-20,PRD0092,2973,1142,6,30.9
2025-12-27,PRD0092,2907,1477,5,29.3
2026-01-03,PRD0092,2728,1311,6,28.7
2026-01-10,PRD0092,2383,1119,3,22.5
2026-01-17,PRD0092,2972,1484,4,28.2
2026-01-24,PRD0092,2473,1055,4,24.3
2026-01-31,PRD0092,2781,1345,3,23.1
2026-02-07,PRD0092,2518,938,5,25.0
2026-02-14,PRD0092,2430,1307,5,26.9
2026-02-21,PRD0092,2276,1205,3,20.5
2026-02-28,PRD0092,2811,1328,4,25.8
2026-03-07,PRD0092,2533,1267,5,27.3
2026-03-14,PRD0092,2738,1203,5,28.6
2026-03-21,PRD0092,2904,1461,3,24.8
2026-03-28,PRD0092,2471,1243,5,25.6
2026-04-04,PRD0092,2669,958,4,24.4
2026-04-11,PRD0092,2766,1253,3,23.0
2026-04-18,PRD0092,2680,1214,3,24.4
2026-04-25,PRD0092,2466,1060,3,20.3
2026-05-02,PRD0092,2480,994,3,22.2
2026-05-09,PRD0092,2653,1160,3,22.6
2026-05-16,PRD0092,2393,907,4,23.7
2026-05-23,PRD0092,2279,850,4,21.1
2026-05-30,PRD0092,2749,1166,5,25.8
2026-06-06,PRD0092,2619,1131,4,24.9
2026-06-13,PRD0092,2634,1446,4,23.9
2026-06-20,PRD0092,2333,929,5,24.6
2026-06-27,PRD0092,2593,1016,5,26.4
2025-02-14,PRD0093,4967,2384,10,54.6
2025-02-21,PRD0093,4001,2007,9,41.2
2025-02-28,PRD0093,5198,2094,8,52.9
2025-03-07,PRD0093,4687,2514,5,42.4
2025-03-14,PRD0093,4407,2270,9,46.3
2025-03-21,PRD0093,5235,2339,11,58.6
2025-03-28,PRD0093,5001,1891,6,46.0
2025-04-04,PRD0093,4386,2387,6,41.6
2025-04-11,PRD0093,4384,1801,5,36.3
2025-04-18,PRD0093,4339,1914,5,39.2
2025-04-25,PRD0093,5283,2569,12,61.1
2025-05-02,PRD0093,4103,1788,7,40.3
2025-05-09,PRD0093,4743,2427,7,42.0
2025-05-16,PRD0093,5161,1993,8,52.5
2025-05-23,PRD0093,4592,2451,8,46.3
2025-05-30,PRD0093,4820,2209,8,46.7
2025-06-06,PRD0093,4402,1830,6,40.0
2025-06-13,PRD0093,4405,1602,6,37.9
2025-06-20,PRD0093,4849,2662,10,51.7
2025-06-27,PRD0093,4964,1948,11,57.2
2025-07-04,PRD0093,4963,2692,8,49.3
2025-07-11,PRD0093,4458,2443,10,49.1
2025-07-18,PRD0093,4343,2298,7,38.8
2025-07-25,PRD0093,4205,1706,9,43.4
2025-08-01,PRD0093,4404,2073,7,44.2
2025-08-08,PRD0093,4482,1675,10,52.2
2025-08-15,PRD0093,4566,2331,6,39.0
2025-08-22,PRD0093,5287,2768,6,49.2
2025-08-29,PRD0093,4645,2236,7,42.2
2025-09-05,PRD0093,4032,1666,5,35.3
2025-09-12,PRD0093,4174,1569,8,41.4
2025-09-19,PRD0093,4339,1703,7,43.0
2025-09-26,PRD0093,5128,2731,10,56.2
2025-10-03,PRD0093,4084,1767,8,40.7
2025-10-10,PRD0093,4632,2431,7,46.2
2025-10-17,PRD0093,5116,1898,9,48.5
2025-10-24,PRD0093,4973,2229,11,54.3
2025-10-31,PRD0093,4677,2346,5,39.5
2025-11-07,PRD0093,4099,2006,6,39.1
2025-11-14,PRD0093,4709,2131,7,43.3
2025-11-21,PRD0093,4449,2298,5,41.2
2025-11-28,PRD0093,4222,2199,8,40.9
2025-12-05,PRD0093,4186,2250,9,44.9
2025-12-12,PRD0093,4750,2073,5,43.3
2025-12-19,PRD0093,5164,2440,8,52.4
2025-12-26,PRD0093,4842,2431,6,43.2
2026-01-02,PRD0093,4210,2056,7,39.7
2026-01-09,PRD0093,5233,2175,6,42.8
2026-01-16,PRD0093,4300,2085,9,45.8
2026-01-23,PRD0093,5210,2303,11,57.5
2026-01-30,PRD0093,4225,2108,9,43.0
2026-02-06,PRD0093,4599,1960,7,42.2
2026-02-13,PRD0093,5099,2732,10,53.0
2026-02-20,PRD0093,4181,2253,8,44.6
2026-02-27,PRD0093,4252,1610,7,40.5
2026-03-06,PRD0093,4030,1606,4,36.6
2026-03-13,PRD0093,4670,2158,10,49.4
2026-03-20,PRD0093,4102,2045,6,39.3
2026-03-27,PRD0093,4310,1699,8,42.6
2026-04-03,PRD0093,5215,2614,12,59.1
2026-04-10,PRD0093,4666,1952,7,41.9
2026-04-17,PRD0093,4905,2559,10,51.0
2026-04-24,PRD0093,4897,2465,6,42.4
2026-05-01,PRD0093,4468,1882,8,42.7
2026-05-08,PRD0093,5315,2685,7,49.2
2026-05-15,PRD0093,5151,1978,8,52.3
2026-05-22,PRD0093,4621,2459,7,41.4
2026-05-29,PRD0093,4348,2185,10,46.5
2026-06-05,PRD0093,4465,2373,8,46.2
2026-06-12,PRD0093,4976,1963,9,49.5
2026-06-19,PRD0093,5279,2331,6,43.2
2026-06-26,PRD0093,4575,2489,8,48.5
2025-06-05,PRD0094,8550,3990,16,91.6
2025-06-12,PRD0094,8657,4146,12,78.3
2025-06-19,PRD0094,9693,5086,16,87.1
2025-06-26,PRD0094,10168,4125,20,100.0
2025-07-03,PRD0094,9585,4181,20,96.7
2025-07-10,PRD0094,9492,4506,12,87.6
2025-07-17,PRD0094,8346,3926,13,79.2
2025-07-24,PRD0094,9433,3356,18,95.3
2025-07-31,PRD0094,8020,3893,12,73.4
2025-08-07,PRD0094,9837,4775,15,88.3
2025-08-14,PRD0094,8322,3725,10,74.2
2025-08-21,PRD0094,8452,3058,11,79.0
2025-08-28,PRD0094,8190,4431,15,76.5
2025-09-04,PRD0094,7901,3905,14,73.7
2025-09-11,PRD0094,9620,3643,14,87.8
2025-09-18,PRD0094,9059,3267,20,98.6
2025-09-25,PRD0094,10260,3669,20,100.0
2025-10-02,PRD0094,8567,3372,14,87.3
2025-10-09,PRD0094,8116,3495,9,71.8
2025-10-16,PRD0094,8791,3368,18,86.2
2025-10-23,PRD0094,8440,3597,16,88.2
2025-10-30,PRD0094,8572,4194,16,92.2
2025-11-06,PRD0094,8533,3830,16,88.2
2025-11-13,PRD0094,8580,3634,19,90.3
2025-11-20,PRD0094,9323,4546,15,90.7
2025-11-27,PRD0094,9278,4069,14,85.8
2025-12-04,PRD0094,9970,5164,22,100.0
2025-12-11,PRD0094,9258,4984,18,89.9
2025-12-18,PRD0094,9871,5225,13,95.5
2025-12-25,PRD0094,10110,5346,21,100.0
2026-01-01,PRD0094,8927,4507,11,81.3
2026-01-08,PRD0094,7844,2850,15,76.3
2026-01-15,PRD0094,8388,4458,15,86.5
2026-01-22,PRD0094,8443,3056,12,81.8
2026-01-29,PRD0094,9367,4165,15,91.8
2026-02-05,PRD0094,8288,3236,15,86.6
2026-02-12,PRD0094,7965,4302,11,75.8
2026-02-19,PRD0094,9416,3751,19,92.1
2026-02-26,PRD0094,8038,4408,18,84.5
2026-03-05,PRD0094,9560,3676,13,91.2
2026-03-12,PRD0094,8212,3931,17,80.2
2026-03-19,PRD0094,8257,3180,17,91.1
2026-03-26,PRD0094,10000,4223,21,100.0
2026-04-02,PRD0094,8867,3665,16,91.7
2026-04-09,PRD0094,8343,4283,16,82.2
2026-04-16,PRD0094,7952,4231,11,69.2
2026-04-23,PRD0094,8397,2952,15,85.0
2026-04-30,PRD0094,10143,5135,14,90.4
2026-05-07,PRD0094,10166,5545,15,95.4
2026-05-14,PRD0094,8569,3116,12,82.3
2026-05-21,PRD0094,9256,4520,21,100.0
2026-05-28,PRD0094,8701,3368,12,83.9
2026-06-04,PRD0094,7897,2947,9,65.3
2026-06-11,PRD0094,7818,3824,11,67.6
2026-06-18,PRD0094,8186,3016,15,80.0
2026-06-25,PRD0094,7679,3636,17,77.3
2025-04-13,PRD0095,6521,2971,8,56.9
2025-04-20,PRD0095,6265,3207,8,53.0
2025-04-27,PRD0095,6574,3189,14,65.0
2025-05-04,PRD0095,5767,2792,8,52.2
2025-05-11,PRD0095,6553,3363,9,59.6
2025-05-18,PRD0095,5762,2892,13,64.0
2025-05-25,PRD0095,6413,3516,15,73.2
2025-06-01,PRD0095,6812,2478,12,62.6
2025-06-08,PRD0095,6734,3287,15,68.4
2025-06-15,PRD0095,5692,2568,12,58.5
2025-06-22,PRD0095,6089,3186,8,57.1
2025-06-29,PRD0095,6978,2474,15,71.7
2025-07-06,PRD0095,7308,2942,11,63.9
2025-07-13,PRD0095,6421,2576,11,65.8
2025-07-20,PRD0095,6135,3161,11,59.9
2025-07-27,PRD0095,6827,2878,15,73.2
2025-08-03,PRD0095,5906,3042,12,59.0
2025-08-10,PRD0095,6231,3221,12,68.4
2025-08-17,PRD0095,6442,2353,12,68.8
2025-08-24,PRD0095,6906,3479,10,68.2
2025-08-31,PRD0095,6927,3777,16,81.6
2025-09-07,PRD0095,6936,3222,11,69.3
2025-09-14,PRD0095,5586,2400,9,49.8
2025-09-21,PRD0095,6616,2687,15,76.3
2025-09-28,PRD0095,7338,3151,14,79.2
2025-10-05,PRD0095,5734,2885,8,52.6
2025-10-12,PRD0095,5526,2053,11,57.6
2025-10-19,PRD0095,5486,1949,9,56.6
2025-10-26,PRD0095,5999,2157,10,56.2
2025-11-02,PRD0095,5887,2314,7,53.9
2025-11-09,PRD0095,6121,2796,10,57.3
2025-11-16,PRD0095,6813,3329,12,69.0
2025-11-23,PRD0095,6726,2681,10,65.5
2025-11-30,PRD0095,7092,3181,9,67.1
2025-12-07,PRD0095,6097,2794,12,64.8
2025-12-14,PRD0095,6532,2727,9,58.3
2025-12-21,PRD0095,7149,2804,15,80.3
2025-12-28,PRD0095,7313,3702,17,85.9
2026-01-04,PRD0095,6472,2478,13,66.7
2026-01-11,PRD0095,6517,3465,12,65.6
2026-01-18,PRD0095,6234,2883,12,60.4
2026-01-25,PRD0095,5934,2097,8,52.0
2026-02-01,PRD0095,5962,2520,9,55.6
2026-02-08,PRD0095,7013,3180,14,77.9
2026-02-15,PRD0095,5982,2563,10,54.7
2026-02-22,PRD0095,5544,2193,9,52.3
2026-03-01,PRD0095,5795,2540,9,52.0
2026-03-08,PRD0095,6161,2528,11,57.8
2026-03-15,PRD0095,6968,2791,9,62.3
2026-03-22,PRD0095,6520,3203,13,69.8
2026-03-29,PRD0095,7191,2621,13,67.9
2026-04-05,PRD0095,6062,3233,13,68.5
2026-04-12,PRD0095,5616,2545,7,52.1
2026-04-19,PRD0095,5512,2296,8,52.5
2026-04-26,PRD0095,6201,2605,9,60.0
2026-05-03,PRD0095,6436,2570,11,60.9
2026-05-10,PRD0095,7109,3595,15,72.3
2026-05-17,PRD0095,6342,3473,13,63.5
2026-05-24,PRD0095,7163,3476,14,71.8
2026-05-31,PRD0095,7384,3836,11,68.5
2026-06-07,PRD0095,6288,2211,15,73.9
2026-06-14,PRD0095,5648,3055,11,54.9
2026-06-21,PRD0095,6428,2442,9,59.5
2026-06-28,PRD0095,7013,3115,10,61.3
2025-06-08,PRD0096,7499,3910,17,81.2
2025-06-15,PRD0096,9477,3710,20,96.4
2025-06-22,PRD0096,8186,4152,10,73.6
2025-06-29,PRD0096,9388,4470,11,86.2
2025-07-06,PRD0096,7741,2754,15,80.5
2025-07-13,PRD0096,8285,4422,13,79.7
2025-07-20,PRD0096,7424,3209,15,74.6
2025-07-27,PRD0096,9526,4808,11,80.5
2025-08-03,PRD0096,8595,3441,13,85.9
2025-08-10,PRD0096,9704,4974,12,89.0
2025-08-17,PRD0096,7687,3439,14,79.8
2025-08-24,PRD0096,8720,4580,11,81.9
2025-08-31,PRD0096,8765,3690,13,85.5
2025-09-07,PRD0096,8340,3468,11,70.8
2025-09-14,PRD0096,9143,4474,20,100.0
2025-09-21,PRD0096,8150,3561,14,76.2
2025-09-28,PRD0096,7266,2560,12,75.3
2025-10-05,PRD0096,9519,5022,19,92.3
2025-10-12,PRD0096,9785,3825,15,94.0
2025-10-19,PRD0096,9249,4526,14,83.2
2025-10-26,PRD0096,8046,3005,13,74.2
2025-11-02,PRD0096,7829,2994,12,76.9
2025-11-09,PRD0096,8796,4342,17,92.9
2025-11-16,PRD0096,7364,2710,8,64.0
2025-11-23,PRD0096,9665,3625,19,96.6
2025-11-30,PRD0096,8924,3923,20,100.0
2025-12-07,PRD0096,7858,4096,17,87.8
2025-12-14,PRD0096,9650,3959,14,92.8
2025-12-21,PRD0096,9428,3627,19,100.0
2025-12-28,PRD0096,9521,3799,19,100.0
2026-01-04,PRD0096,9259,4883,21,96.5
2026-01-11,PRD0096,7791,2990,14,77.6
2026-01-18,PRD0096,8164,3519,14,86.5
2026-01-25,PRD0096,7565,2962,17,81.2
2026-02-01,PRD0096,8079,3270,14,82.4
2026-02-08,PRD0096,7491,2745,13,69.8
2026-02-15,PRD0096,9110,4982,20,100.0
2026-02-22,PRD0096,9701,5257,19,100.0
2026-03-01,PRD0096,8766,3196,18,85.0
2026-03-08,PRD0096,9107,3407,21,94.3
2026-03-15,PRD0096,8015,3448,12,78.0
2026-03-22,PRD0096,7455,2762,14,75.8
2026-03-29,PRD0096,7400,3443,12,69.3
2026-04-05,PRD0096,9116,3741,20,93.9
2026-04-12,PRD0096,9117,4594,16,91.1
2026-04-19,PRD0096,8912,3718,18,89.3
2026-04-26,PRD0096,9803,4742,23,100.0
2026-05-03,PRD0096,9391,4654,16,85.9
2026-05-10,PRD0096,8679,4577,17,87.4
2026-05-17,PRD0096,7687,4122,10,72.1
2026-05-24,PRD0096,9105,4197,11,86.4
2026-05-31,PRD0096,9177,3957,17,94.0
2026-06-07,PRD0096,8817,4260,14,78.4
2026-06-14,PRD0096,8630,3642,17,85.2
2026-06-21,PRD0096,9785,5046,19,98.5
2026-06-28,PRD0096,7407,3047,15,79.4
2025-03-24,PRD0097,2424,900,4,24.7
2025-03-31,PRD0097,2469,1354,4,25.1
2025-04-07,PRD0097,2927,1517,3,23.1
2025-04-14,PRD0097,2516,1142,3,22.7
2025-04-21,PRD0097,2929,1269,6,32.0
2025-04-28,PRD0097,2929,1575,4,24.9
2025-05-05,PRD0097,2969,1510,6,31.3
2025-05-12,PRD0097,3042,1377,4,26.6
2025-05-19,PRD0097,2441,1193,4,24.5
2025-05-26,PRD0097,2757,1442,6,28.1
2025-06-02,PRD0097,2650,958,4,24.2
2025-06-09,PRD0097,3021,1548,5,29.1
2025-06-16,PRD0097,2664,1142,5,25.4
2025-06-23,PRD0097,2804,1071,3,25.9
2025-06-30,PRD0097,2537,1129,4,25.6
2025-07-07,PRD0097,2974,1156,4,25.6
2025-07-14,PRD0097,2437,943,5,25.2
2025-07-21,PRD0097,3125,1234,4,29.6
2025-07-28,PRD0097,2633,1422,3,21.8
2025-08-04,PRD0097,3072,1660,4,25.7
2025-08-11,PRD0097,3059,1534,7,33.3
2025-08-18,PRD0097,2948,1183,6,32.0
2025-08-25,PRD0097,2500,918,4,22.7
2025-09-01,PRD0097,2436,1079,5,25.1
2025-09-08,PRD0097,2417,1188,3,22.4
2025-09-15,PRD0097,2785,1522,3,25.1
2025-09-22,PRD0097,3002,1578,5,31.2
2025-09-29,PRD0097,2648,1419,3,23.0
2025-10-06,PRD0097,2503,1373,3,22.2
2025-10-13,PRD0097,2605,1120,5,27.8
2025-10-20,PRD0097,2504,946,5,27.4
2025-10-27,PRD0097,2494,1209,3,22.9
2025-11-03,PRD0097,2485,887,5,26.8
2025-11-10,PRD0097,2989,1484,6,29.0
2025-11-17,PRD0097,2759,1287,3,22.7
2025-11-24,PRD0097,3079,1098,6,29.3
2025-12-01,PRD0097,2476,982,5,26.6
2025-12-08,PRD0097,2832,1295,6,28.8
2025-12-15,PRD0097,2544,1093,5,24.6
2025-12-22,PRD0097,2609,1167,4,26.4
2025-12-29,PRD0097,2535,998,3,22.4
2026-01-05,PRD0097,2896,1376,6,31.4
2026-01-12,PRD0097,2408,1300,4,23.0
2026-01-19,PRD0097,2328,1269,4,22.2
2026-01-26,PRD0097,3005,1266,4,28.7
2026-02-02,PRD0097,2433,1030,4,23.8
2026-02-09,PRD0097,2497,1183,3,21.4
2026-02-16,PRD0097,2579,1270,5,26.3
2026-02-23,PRD0097,2844,1558,5,28.3
2026-03-02,PRD0097,2611,1020,5,25.2
2026-03-09,PRD0097,3126,1227,6,29.7
2026-03-16,PRD0097,2808,1327,5,29.8
2026-03-23,PRD0097,2868,1300,4,25.3
2026-03-30,PRD0097,2882,1021,4,26.9
2026-04-06,PRD0097,2621,1222,5,28.7
2026-04-13,PRD0097,2967,1500,5,30.1
2026-04-20,PRD0097,2419,852,4,24.9
2026-04-27,PRD0097,2917,1326,5,29.9
2026-05-04,PRD0097,2644,1167,6,28.9
2026-05-11,PRD0097,2700,1415,5,27.6
2026-05-18,PRD0097,2750,1098,5,27.0
2026-05-25,PRD0097,2818,1488,3,24.3
2026-06-01,PRD0097,2466,935,4,22.6
2026-06-08,PRD0097,2399,1008,5,24.3
2026-06-15,PRD0097,2868,1172,5,30.5
2026-06-22,PRD0097,2501,1177,4,25.6
2026-06-29,PRD0097,2551,995,4,23.7
2026-05-15,PRD0098,6791,3276,10,59.5
2026-05-22,PRD0098,6239,2222,7,57.1
2026-05-29,PRD0098,5039,2576,6,42.4
2026-06-05,PRD0098,4857,2421,4,40.8
2026-06-12,PRD0098,4921,2430,7,43.3
2026-06-19,PRD0098,4396,1982,4,34.8
2026-06-26,PRD0098,4405,1886,5,38.9
2025-09-24,PRD0099,2272,1031,3,22.1
2025-10-01,PRD0099,2139,1166,3,19.5
2025-10-08,PRD0099,2152,1086,3,20.1
2025-10-15,PRD0099,1974,893,2,17.1
2025-10-22,PRD0099,1717,748,1,13.7
2025-10-29,PRD0099,1670,750,2,14.3
2025-11-05,PRD0099,1647,794,1,12.8
2025-11-12,PRD0099,1334,597,1,10.2
2025-11-19,PRD0099,1323,542,1,11.0
2025-11-26,PRD0099,1389,636,1,11.6
2025-12-03,PRD0099,1249,673,0,8.1
2025-12-10,PRD0099,1126,481,0,7.9
2025-12-17,PRD0099,986,502,0,6.4
2025-12-24,PRD0099,916,458,0,6.4
2025-12-31,PRD0099,911,383,0,5.8
2026-01-07,PRD0099,699,250,0,4.4
2026-01-14,PRD0099,600,313,0,4.1
2026-01-21,PRD0099,621,292,0,3.9
2026-01-28,PRD0099,635,251,0,4.1
2026-02-04,PRD0099,620,240,0,3.9
2026-02-11,PRD0099,448,197,0,2.9
2026-02-18,PRD0099,493,213,0,3.2
2026-02-25,PRD0099,435,157,0,2.7
2026-03-04,PRD0099,380,202,0,2.6
2026-03-11,PRD0099,338,130,0,2.0
2026-03-18,PRD0099,413,211,0,2.6
2026-03-25,PRD0099,420,206,0,2.8
2026-04-01,PRD0099,433,155,0,2.7
2026-04-08,PRD0099,398,156,0,2.7
2026-04-15,PRD0099,411,176,0,2.6
2026-04-22,PRD0099,415,208,0,2.7
2026-04-29,PRD0099,384,195,0,2.7
2026-05-06,PRD0099,336,175,0,2.3
2026-05-13,PRD0099,391,208,0,2.5
2026-05-20,PRD0099,422,198,0,2.9
2026-05-27,PRD0099,434,206,0,2.6
2026-06-03,PRD0099,342,126,0,2.3
2026-06-10,PRD0099,436,188,0,2.8
2026-06-17,PRD0099,386,172,0,2.6
2026-06-24,PRD0099,346,179,0,2.3
2025-04-13,PRD0100,8550,4445,19,99.1
2025-04-20,PRD0100,8323,4559,10,78.3
2025-04-27,PRD0100,7994,3757,10,76.5
2025-05-04,PRD0100,6904,3538,8,57.6
2025-05-11,PRD0100,7710,2950,10,70.3
2025-05-18,PRD0100,8537,4305,12,80.9
2025-05-25,PRD0100,8541,4401,15,87.1
2025-06-01,PRD0100,8523,3786,13,81.4
2025-06-08,PRD0100,7278,3590,10,61.7
2025-06-15,PRD0100,7310,2658,16,84.1
2025-06-22,PRD0100,6817,2951,16,71.2
2025-06-29,PRD0100,6481,2565,8,56.7
2025-07-06,PRD0100,8661,3673,11,75.6
2025-07-13,PRD0100,7930,3041,10,70.3
2025-07-20,PRD0100,8287,3005,10,69.1
2025-07-27,PRD0100,8057,4211,16,87.2
2025-08-03,PRD0100,8385,3965,16,82.0
2025-08-10,PRD0100,6541,2713,12,68.4
2025-08-17,PRD0100,8146,3797,18,82.1
2025-08-24,PRD0100,8189,3228,17,90.6
2025-08-31,PRD0100,7178,3130,14,74.0
2025-09-07,PRD0100,7776,4037,10,64.9
2025-09-14,PRD0100,7724,3301,10,72.5
2025-09-21,PRD0100,8352,3004,12,72.1
2025-09-28,PRD0100,6776,2459,14,75.1
2025-10-05,PRD0100,8199,2879,11,78.0
2025-10-12,PRD0100,8162,4393,18,91.8
2025-10-19,PRD0100,6979,3485,15,78.5
2025-10-26,PRD0100,8389,4113,17,87.7
2025-11-02,PRD0100,6638,2373,14,74.1
2025-11-09,PRD0100,7025,3251,10,65.8
2025-11-16,PRD0100,7204,3703,8,64.2
2025-11-23,PRD0100,8328,3468,19,91.2
2025-11-30,PRD0100,7343,2763,17,77.9
2025-12-07,PRD0100,7308,3426,10,68.2
2025-12-14,PRD0100,7642,3947,14,71.5
2025-12-21,PRD0100,6990,3297,10,63.0
2025-12-28,PRD0100,7911,3809,12,73.2
2026-01-04,PRD0100,8510,4675,14,81.7
2026-01-11,PRD0100,7122,2764,15,75.9
2026-01-18,PRD0100,7434,3721,14,80.0
2026-01-25,PRD0100,8230,3201,10,77.9
2026-02-01,PRD0100,8594,3859,15,86.8
2026-02-08,PRD0100,6686,3662,13,67.5
2026-02-15,PRD0100,7580,3535,9,71.6
2026-02-22,PRD0100,8582,3668,16,86.3
2026-03-01,PRD0100,7284,2725,12,66.8
2026-03-08,PRD0100,8033,3452,9,66.4
2026-03-15,PRD0100,7756,2912,16,80.4
2026-03-22,PRD0100,7647,4079,18,87.1
2026-03-29,PRD0100,7499,2693,12,70.8
2026-04-05,PRD0100,8305,4145,18,86.3
2026-04-12,PRD0100,6764,3580,14,71.2
2026-04-19,PRD0100,6706,2463,15,70.8
2026-04-26,PRD0100,7025,3808,11,65.5
2026-05-03,PRD0100,8087,4174,9,68.2
2026-05-10,PRD0100,8299,4295,13,78.0
2026-05-17,PRD0100,6548,2527,10,65.4
2026-05-24,PRD0100,7174,2726,13,76.5
2026-05-31,PRD0100,8435,3509,17,83.8
2026-06-07,PRD0100,6676,2700,15,67.2
2026-06-14,PRD0100,7792,4019,11,73.9
2026-06-21,PRD0100,6955,2610,14,68.3
2026-06-28,PRD0100,7774,4094,17,84.7
2025-10-28,PRD0101,5854,3089,8,50.4
2025-11-04,PRD0101,5694,3027,11,54.6
2025-11-11,PRD0101,5769,2950,10,59.5
2025-11-18,PRD0101,5222,2104,11,58.4
2025-11-25,PRD0101,5486,2617,12,58.9
2025-12-02,PRD0101,5613,2134,12,55.7
2025-12-09,PRD0101,4655,2493,7,44.1
2025-12-16,PRD0101,4779,1880,9,49.1
2025-12-23,PRD0101,5487,2738,7,46.3
2025-12-30,PRD0101,4447,1594,8,43.7
2026-01-06,PRD0101,5768,2206,9,59.2
2026-01-13,PRD0101,5234,2477,11,58.1
2026-01-20,PRD0101,5483,2315,9,57.1
2026-01-27,PRD0101,5635,2953,12,59.3
2026-02-03,PRD0101,5621,2305,10,56.3
2026-02-10,PRD0101,4728,2370,8,47.2
2026-02-17,PRD0101,4914,2010,6,44.6
2026-02-24,PRD0101,4739,1769,10,53.9
2026-03-03,PRD0101,5484,2749,10,53.7
2026-03-10,PRD0101,5961,2386,9,56.8
2026-03-17,PRD0101,5246,2372,9,47.7
2026-03-24,PRD0101,4832,2074,8,50.0
2026-03-31,PRD0101,5529,2523,10,59.4
2026-04-07,PRD0101,4890,2402,10,50.9
2026-04-14,PRD0101,5552,2086,10,54.0
2026-04-21,PRD0101,4536,2351,6,43.8
2026-04-28,PRD0101,5290,2490,7,50.1
2026-05-05,PRD0101,5530,2373,7,50.8
2026-05-12,PRD0101,5173,2116,11,51.5
2026-05-19,PRD0101,5657,2277,6,50.8
2026-05-26,PRD0101,4447,1901,6,39.3
2026-06-02,PRD0101,4645,2358,8,48.8
2026-06-09,PRD0101,4973,2199,7,43.9
2026-06-16,PRD0101,4531,2306,10,45.9
2026-06-23,PRD0101,4614,2400,6,43.7
2026-06-30,PRD0101,5808,2945,13,59.8
2025-07-04,PRD0102,4903,2319,6,40.4
2025-07-11,PRD0102,4322,1690,8,41.9
2025-07-18,PRD0102,4706,2211,7,45.7
2025-07-25,PRD0102,5306,2720,10,55.0
2025-08-01,PRD0102,5355,2434,7,51.7
2025-08-08,PRD0102,5022,1811,10,55.6
2025-08-15,PRD0102,5579,2081,10,52.8
2025-08-22,PRD0102,5165,2032,8,52.3
2025-08-29,PRD0102,5027,2253,7,48.9
2025-09-05,PRD0102,5684,2228,7,48.0
2025-09-12,PRD0102,4598,2162,6,38.7
2025-09-19,PRD0102,5575,1966,9,55.3
2025-09-26,PRD0102,5726,2842,12,64.1
2025-10-03,PRD0102,5043,2569,9,48.9
2025-10-10,PRD0102,4962,2588,7,45.6
2025-10-17,PRD0102,4586,1958,10,53.0
2025-10-24,PRD0102,4784,1686,9,48.3
2025-10-31,PRD0102,5699,2153,12,60.9
2025-11-07,PRD0102,4486,2346,6,42.0
2025-11-14,PRD0102,5063,1894,11,52.0
2025-11-21,PRD0102,5540,2399,13,58.2
2025-11-28,PRD0102,5088,2046,8,48.1
2025-12-05,PRD0102,5317,2090,7,50.8
2025-12-12,PRD0102,5615,2775,9,54.8
2025-12-19,PRD0102,5513,2557,10,51.4
2025-12-26,PRD0102,4858,2341,8,50.0
2026-01-02,PRD0102,5069,2776,6,42.6
2026-01-09,PRD0102,5235,2109,12,57.6
2026-01-16,PRD0102,5345,2488,12,54.5
2026-01-23,PRD0102,5705,2747,13,65.3
2026-01-30,PRD0102,4782,1821,7,42.1
2026-02-06,PRD0102,5564,2781,9,55.2
2026-02-13,PRD0102,4965,2440,7,47.4
2026-02-20,PRD0102,5662,2875,8,56.0
2026-02-27,PRD0102,4396,2144,9,46.7
2026-03-06,PRD0102,5644,2808,12,62.9
2026-03-13,PRD0102,5319,2470,8,46.9
2026-03-20,PRD0102,4624,2149,6,39.2
2026-03-27,PRD0102,5399,2332,12,57.5
2026-04-03,PRD0102,5119,1973,8,48.3
2026-04-10,PRD0102,4993,2234,9,48.9
2026-04-17,PRD0102,5093,1855,11,52.9
2026-04-24,PRD0102,4983,2739,6,43.0
2026-05-01,PRD0102,5417,2974,6,47.3
2026-05-08,PRD0102,5071,2076,8,48.5
2026-05-15,PRD0102,4449,1735,8,45.7
2026-05-22,PRD0102,4989,2151,8,44.5
2026-05-29,PRD0102,4395,1610,8,43.0
2026-06-05,PRD0102,5043,1765,7,48.2
2026-06-12,PRD0102,4873,1950,9,51.2
2026-06-19,PRD0102,4646,2169,5,36.9
2026-06-26,PRD0102,5344,2886,7,51.6
2025-05-27,PRD0103,8090,4299,12,75.5
2025-06-03,PRD0103,7705,3177,15,83.0
2025-06-10,PRD0103,7699,4166,12,78.0
2025-06-17,PRD0103,6850,3303,8,59.7
2025-06-24,PRD0103,8451,3601,16,84.6
2025-07-01,PRD0103,6755,2413,13,65.2
2025-07-08,PRD0103,8143,4090,14,79.4
2025-07-15,PRD0103,6849,2634,11,69.0
2025-07-22,PRD0103,7620,3335,10,66.6
2025-07-29,PRD0103,7162,3916,9,67.5
2025-08-05,PRD0103,7795,3292,15,81.4
2025-08-12,PRD0103,6700,3519,11,61.2
2025-08-19,PRD0103,7875,3241,15,84.6
2025-08-26,PRD0103,7394,3326,14,71.7
2025-09-02,PRD0103,8223,3558,17,87.7
2025-09-09,PRD0103,7486,3228,13,74.4
2025-09-16,PRD0103,7784,3581,16,75.9
2025-09-23,PRD0103,8043,3366,15,77.8
2025-09-30,PRD0103,7125,3033,16,81.8
2025-10-07,PRD0103,8181,4222,12,73.2
2025-10-14,PRD0103,7910,3076,17,81.6
2025-10-21,PRD0103,8328,2999,13,75.2
2025-10-28,PRD0103,7235,3245,12,73.7
2025-11-04,PRD0103,8308,3895,18,93.2
2025-11-11,PRD0103,7996,3627,15,79.8
2025-11-18,PRD0103,7735,3974,15,85.3
2025-11-25,PRD0103,8017,3365,17,89.3
2025-12-02,PRD0103,6883,3584,15,78.1
2025-12-09,PRD0103,7800,3848,10,65.1
2025-12-16,PRD0103,7165,3142,10,67.6
2025-12-23,PRD0103,7601,3075,16,80.9
2025-12-30,PRD0103,7241,3806,14,71.6
2026-01-06,PRD0103,8314,3304,18,87.1
2026-01-13,PRD0103,7589,4085,16,80.3
2026-01-20,PRD0103,6364,2519,9,61.0
2026-01-27,PRD0103,7181,3092,10,68.4
2026-02-03,PRD0103,6619,2855,10,67.1
2026-02-10,PRD0103,7524,3681,11,73.4
2026-02-17,PRD0103,7412,3274,9,68.8
2026-02-24,PRD0103,6964,2927,14,71.3
2026-03-03,PRD0103,6744,3694,10,58.7
2026-03-10,PRD0103,6580,3358,14,69.1
2026-03-17,PRD0103,7506,3932,13,75.1
2026-03-24,PRD0103,6810,3596,15,73.1
2026-03-31,PRD0103,7799,3145,18,89.6
2026-04-07,PRD0103,8367,4373,17,84.1
2026-04-14,PRD0103,8254,4459,18,84.6
2026-04-21,PRD0103,8104,3840,12,74.2
2026-04-28,PRD0103,6677,2408,15,73.5
2026-05-05,PRD0103,8181,2977,18,81.8
2026-05-12,PRD0103,7756,3391,13,76.2
2026-05-19,PRD0103,7876,3695,10,68.5
2026-05-26,PRD0103,7508,3516,13,74.9
2026-06-02,PRD0103,7400,3357,17,85.8
2026-06-09,PRD0103,6397,2350,9,62.7
2026-06-16,PRD0103,7350,3535,11,74.0
2026-06-23,PRD0103,7531,2952,12,77.3
2026-06-30,PRD0103,8390,4058,17,90.2
2026-04-22,PRD0104,6147,2379,10,61.5
2026-04-29,PRD0104,7001,3108,12,68.6
2026-05-06,PRD0104,6281,2997,14,68.6
2026-05-13,PRD0104,7156,3851,13,69.0
2026-05-20,PRD0104,6732,3598,15,73.8
2026-05-27,PRD0104,5611,2515,8,52.9
2026-06-03,PRD0104,6485,3521,15,67.0
2026-06-10,PRD0104,6766,2648,15,73.2
2026-06-17,PRD0104,7142,3136,11,69.9
2026-06-24,PRD0104,6845,2411,12,70.6
2025-11-03,PRD0105,5161,2584,11,53.8
2025-11-10,PRD0105,5547,2849,8,51.6
2025-11-17,PRD0105,5665,2580,11,59.9
2025-11-24,PRD0105,4674,2132,7,47.2
2025-12-01,PRD0105,5426,2146,9,55.0
2025-12-08,PRD0105,4914,2145,11,54.7
2025-12-15,PRD0105,5254,1846,8,47.9
2025-12-22,PRD0105,4418,1709,5,35.6
2025-12-29,PRD0105,4400,1937,9,46.2
2026-01-05,PRD0105,5406,2741,11,54.5
2026-01-12,PRD0105,5327,1952,9,52.3
2026-01-19,PRD0105,5338,2404,8,48.4
2026-01-26,PRD0105,4623,1656,8,46.2
2026-02-02,PRD0105,4695,2340,6,40.3
2026-02-09,PRD0105,4503,2139,7,45.5
2026-02-16,PRD0105,4875,2529,10,48.5
2026-02-23,PRD0105,5148,2606,6,44.2
2026-03-02,PRD0105,4533,2413,5,37.0
2026-03-09,PRD0105,5638,2715,9,51.7
2026-03-16,PRD0105,4257,2001,9,48.1
2026-03-23,PRD0105,4759,2583,7,47.8
2026-03-30,PRD0105,5684,2022,10,57.3
2026-04-06,PRD0105,5423,2196,11,52.9
2026-04-13,PRD0105,4493,1988,10,45.2
2026-04-20,PRD0105,4443,2421,8,42.5
2026-04-27,PRD0105,5058,2702,6,43.2
2026-05-04,PRD0105,4524,2184,8,46.4
2026-05-11,PRD0105,5355,2616,8,50.5
2026-05-18,PRD0105,5429,1960,9,49.8
2026-05-25,PRD0105,5258,2436,12,53.6
2026-06-01,PRD0105,5658,2316,8,52.0
2026-06-08,PRD0105,5590,2357,11,57.7
2026-06-15,PRD0105,4892,1912,10,54.8
2026-06-22,PRD0105,4449,2296,7,43.7
2026-06-29,PRD0105,4578,2362,7,40.6
2026-01-29,PRD0106,7121,2699,14,76.6
2026-02-05,PRD0106,8821,3857,13,78.0
2026-02-12,PRD0106,7593,4110,13,71.1
2026-02-19,PRD0106,7611,3647,15,82.0
2026-02-26,PRD0106,8614,4154,11,82.3
2026-03-05,PRD0106,8157,3252,18,83.0
2026-03-12,PRD0106,7756,3841,17,81.4
2026-03-19,PRD0106,7470,3722,13,69.4
2026-03-26,PRD0106,8651,3053,17,86.6
2026-04-02,PRD0106,8068,3768,10,74.3
2026-04-09,PRD0106,7523,2678,14,78.0
2026-04-16,PRD0106,7434,3660,9,70.1
2026-04-23,PRD0106,6811,3654,11,70.1
2026-04-30,PRD0106,7573,3184,15,81.8
2026-05-07,PRD0106,7249,3785,13,67.8
2026-05-14,PRD0106,6895,3456,9,59.0
2026-05-21,PRD0106,7792,3241,13,79.9
2026-05-28,PRD0106,8242,4423,12,77.9
2026-06-04,PRD0106,7176,2919,14,69.7
2026-06-11,PRD0106,7973,3027,12,76.2
2026-06-18,PRD0106,8680,3875,15,79.6
2026-06-25,PRD0106,7923,3899,17,89.8
2025-10-30,PRD0107,9054,3683,19,96.9
2025-11-06,PRD0107,9416,4165,14,91.5
2025-11-13,PRD0107,9826,4296,13,91.7
2025-11-20,PRD0107,8371,3635,18,84.2
2025-11-27,PRD0107,8342,3897,13,73.8
2025-12-04,PRD0107,7917,3484,13,78.3
2025-12-11,PRD0107,9559,4063,12,81.0
2025-12-18,PRD0107,9518,3622,13,87.0
2025-12-25,PRD0107,8422,4304,19,96.3
2026-01-01,PRD0107,9973,4873,14,86.5
2026-01-08,PRD0107,9862,4708,12,85.3
2026-01-15,PRD0107,10005,4174,14,89.3
2026-01-22,PRD0107,8410,4563,19,89.8
2026-01-29,PRD0107,8619,3339,11,83.3
2026-02-05,PRD0107,9994,4824,14,96.4
2026-02-12,PRD0107,9919,4431,23,100.0
2026-02-19,PRD0107,8566,3090,18,92.4
2026-02-26,PRD0107,9473,3886,20,100.0
2026-03-05,PRD0107,7551,3273,15,75.8
2026-03-12,PRD0107,7681,2824,17,85.4
2026-03-19,PRD0107,8947,4502,11,82.3
2026-03-26,PRD0107,8677,3438,14,82.2
2026-04-02,PRD0107,7594,4082,15,75.5
2026-04-09,PRD0107,7653,3719,9,68.1
2026-04-16,PRD0107,10013,4541,18,97.9
2026-04-23,PRD0107,9263,5056,11,80.0
2026-04-30,PRD0107,9483,3692,12,79.9
2026-05-07,PRD0107,9690,3727,13,85.4
2026-05-14,PRD0107,7559,3716,15,81.2
2026-05-21,PRD0107,9338,5024,16,91.9
2026-05-28,PRD0107,7584,4034,15,83.3
2026-06-04,PRD0107,8905,4249,16,95.2
2026-06-11,PRD0107,10094,3659,18,96.2
2026-06-18,PRD0107,8256,4462,14,76.0
2026-06-25,PRD0107,9465,4775,16,89.1
2026-03-06,PRD0108,8076,4020,14,77.3
2026-03-13,PRD0108,6313,2444,12,63.8
2026-03-20,PRD0108,5793,2973,7,54.1
2026-03-27,PRD0108,6191,2407,9,54.8
2026-04-03,PRD0108,6040,2605,7,55.2
2026-04-10,PRD0108,4449,2173,5,40.6
2026-04-17,PRD0108,4805,1843,4,38.7
2026-04-24,PRD0108,4758,1910,5,38.9
2026-05-01,PRD0108,4131,1722,2,29.9
2026-05-08,PRD0108,3676,1767,2,26.8
2026-05-15,PRD0108,3758,1910,3,28.0
2026-05-22,PRD0108,3446,1464,3,28.6
2026-05-29,PRD0108,3278,1676,1,24.7
2026-06-05,PRD0108,2966,1536,2,24.2
2026-06-12,PRD0108,2901,1380,2,21.5
2026-06-19,PRD0108,2468,955,0,16.0
2026-06-26,PRD0108,2403,1212,0,15.3
2026-04-21,PRD0109,4395,2346,8,47.5
2026-04-28,PRD0109,4316,1721,8,45.6
2026-05-05,PRD0109,3837,1956,6,37.6
2026-05-12,PRD0109,3572,1835,6,37.5
2026-05-19,PRD0109,3456,1475,4,28.2
2026-05-26,PRD0109,2803,1392,4,26.6
2026-06-02,PRD0109,2924,1397,4,25.8
2026-06-09,PRD0109,3224,1235,2,24.5
2026-06-16,PRD0109,2572,999,2,19.8
2026-06-23,PRD0109,2220,815,2,18.1
2026-06-30,PRD0109,2307,1206,1,16.3
2025-09-14,PRD0110,1292,703,1,11.1
2025-09-21,PRD0110,1263,536,1,9.7
2025-09-28,PRD0110,1282,461,1,9.9
2025-10-05,PRD0110,1043,403,1,9.2
2025-10-12,PRD0110,1045,514,1,9.2
2025-10-19,PRD0110,1063,382,1,8.5
2025-10-26,PRD0110,798,285,1,7.5
2025-11-02,PRD0110,767,394,0,4.9
2025-11-09,PRD0110,697,281,0,4.8
2025-11-16,PRD0110,850,396,0,5.4
2025-11-23,PRD0110,671,252,0,4.1
2025-11-30,PRD0110,648,350,0,4.0
2025-12-07,PRD0110,632,245,0,4.3
2025-12-14,PRD0110,589,311,0,3.6
2025-12-21,PRD0110,467,219,0,3.2
2025-12-28,PRD0110,471,220,0,3.2
2026-01-04,PRD0110,437,177,0,3.0
2026-01-11,PRD0110,376,137,0,2.4
2026-01-18,PRD0110,345,150,0,2.4
2026-01-25,PRD0110,316,116,0,2.0
2026-02-01,PRD0110,315,119,0,2.0
2026-02-08,PRD0110,290,109,0,1.8
2026-02-15,PRD0110,273,98,0,1.7
2026-02-22,PRD0110,277,116,0,1.9
2026-03-01,PRD0110,231,103,0,1.4
2026-03-08,PRD0110,205,74,0,1.4
2026-03-15,PRD0110,227,118,0,1.5
2026-03-22,PRD0110,225,114,0,1.4
2026-03-29,PRD0110,216,102,0,1.4
2026-04-05,PRD0110,249,135,0,1.6
2026-04-12,PRD0110,204,89,0,1.3
2026-04-19,PRD0110,237,84,0,1.5
2026-04-26,PRD0110,253,128,0,1.7
2026-05-03,PRD0110,240,90,0,1.5
2026-05-10,PRD0110,264,109,0,1.7
2026-05-17,PRD0110,207,97,0,1.3
2026-05-24,PRD0110,217,118,0,1.4
2026-05-31,PRD0110,250,105,0,1.6
2026-06-07,PRD0110,200,102,0,1.2
2026-06-14,PRD0110,218,95,0,1.4
2026-06-21,PRD0110,255,89,0,1.6
2026-06-28,PRD0110,258,107,0,1.7
2025-04-10,PRD0111,4867,2599,9,49.7
2025-04-17,PRD0111,4351,1913,9,46.1
2025-04-24,PRD0111,4232,1572,7,40.8
2025-05-01,PRD0111,3779,1779,6,37.6
2025-05-08,PRD0111,5006,2527,7,48.1
2025-05-15,PRD0111,3822,1381,6,35.8
2025-05-22,PRD0111,4818,1767,7,46.8
2025-05-29,PRD0111,3980,1964,5,36.1
2025-06-05,PRD0111,5041,2143,9,46.7
2025-06-12,PRD0111,4524,2322,9,43.7
2025-06-19,PRD0111,4192,2068,8,45.7
2025-06-26,PRD0111,4877,2514,11,51.8
2025-07-03,PRD0111,3998,2071,7,40.6
2025-07-10,PRD0111,4854,2660,10,47.2
2025-07-17,PRD0111,4075,1572,4,34.5
2025-07-24,PRD0111,4584,1994,9,49.0
2025-07-31,PRD0111,4324,2015,9,45.0
2025-08-07,PRD0111,4732,2581,10,51.5
2025-08-14,PRD0111,4768,2449,6,43.1
2025-08-21,PRD0111,4406,2304,9,42.8
2025-08-28,PRD0111,4530,2436,6,43.3
2025-09-04,PRD0111,4505,1638,6,41.4
2025-09-11,PRD0111,4804,1746,8,43.6
2025-09-18,PRD0111,3990,1504,8,42.6
2025-09-25,PRD0111,4426,1854,9,47.5
2025-10-02,PRD0111,4640,2052,10,52.3
2025-10-09,PRD0111,4765,1748,9,48.3
2025-10-16,PRD0111,4650,2098,10,46.7
2025-10-23,PRD0111,4473,1947,8,46.3
2025-10-30,PRD0111,4928,2026,6,43.7
2025-11-06,PRD0111,3997,1653,7,39.0
2025-11-13,PRD0111,4782,2329,11,55.1
2025-11-20,PRD0111,3928,1652,8,43.3
2025-11-27,PRD0111,5010,2122,7,49.3
2025-12-04,PRD0111,4829,2591,9,51.2
2025-12-11,PRD0111,4693,2376,9,47.0
2025-12-18,PRD0111,3795,1599,6,37.7
2025-12-25,PRD0111,4889,2417,8,47.2
2026-01-01,PRD0111,4209,1574,5,34.9
2026-01-08,PRD0111,4688,1886,8,49.5
2026-01-15,PRD0111,4388,2068,7,45.3
2026-01-22,PRD0111,4954,2394,11,54.9
2026-01-29,PRD0111,4076,1730,7,40.7
2026-02-05,PRD0111,3441,1303,3,26.4
2026-02-12,PRD0111,3680,1944,4,32.1
2026-02-19,PRD0111,3452,1285,3,27.9
2026-02-26,PRD0111,2678,1135,3,22.2
2026-03-05,PRD0111,2884,1285,2,22.0
2026-03-12,PRD0111,2195,1118,2,18.1
2026-03-19,PRD0111,2139,890,1,15.1
2026-03-26,PRD0111,2156,1089,2,17.2
2026-04-02,PRD0111,1684,777,1,13.6
2026-04-09,PRD0111,1670,707,1,12.9
2026-04-16,PRD0111,1440,670,0,9.6
2026-04-23,PRD0111,1434,769,1,11.4
2026-04-30,PRD0111,1475,765,0,10.0
2026-05-07,PRD0111,1227,666,0,8.0
2026-05-14,PRD0111,1331,486,0,8.1
2026-05-21,PRD0111,1029,422,0,6.5
2026-05-28,PRD0111,1078,392,0,6.8
2026-06-04,PRD0111,864,469,0,5.7
2026-06-11,PRD0111,965,374,0,6.6
2026-06-18,PRD0111,799,346,0,5.0
2026-06-25,PRD0111,671,306,0,4.6
2026-01-09,PRD0112,4997,2073,7,48.0
2026-01-16,PRD0112,5088,2435,6,46.9
2026-01-23,PRD0112,4345,1534,4,36.0
2026-01-30,PRD0112,3825,1814,4,34.4
2026-02-06,PRD0112,3947,1382,5,37.0
2026-02-13,PRD0112,3629,1716,4,33.5
2026-02-20,PRD0112,2797,1066,3,24.5
2026-02-27,PRD0112,2755,1489,2,21.2
2026-03-06,PRD0112,2708,1002,2,21.5
2026-03-13,PRD0112,2327,986,1,16.0
2026-03-20,PRD0112,2311,1197,2,17.9
2026-03-27,PRD0112,2379,991,1,17.2
2026-04-03,PRD0112,2211,1199,1,15.9
2026-04-10,PRD0112,1741,856,0,11.6
2026-04-17,PRD0112,1432,740,0,9.2
2026-04-24,PRD0112,1453,620,1,12.1
2026-05-01,PRD0112,1691,873,0,11.3
2026-05-08,PRD0112,1223,440,0,8.5
2026-05-15,PRD0112,1509,543,0,10.2
2026-05-22,PRD0112,1083,407,0,7.3
2026-05-29,PRD0112,976,519,0,6.5
2026-06-05,PRD0112,974,415,0,6.4
2026-06-12,PRD0112,976,358,0,6.7
2026-06-19,PRD0112,773,374,0,4.9
2026-06-26,PRD0112,721,301,0,4.9
2025-07-25,PRD0113,5293,2810,10,57.0
2025-08-01,PRD0113,6177,2704,11,63.2
2025-08-08,PRD0113,6497,2987,12,67.7
2025-08-15,PRD0113,5494,2805,10,52.4
2025-08-22,PRD0113,6656,3478,13,64.4
2025-08-29,PRD0113,5687,2639,13,60.1
2025-09-05,PRD0113,5376,2000,6,43.7
2025-09-12,PRD0113,6658,3610,13,67.5
2025-09-19,PRD0113,6223,2413,8,59.1
2025-09-26,PRD0113,5922,2254,13,67.1
2025-10-03,PRD0113,6668,2374,11,68.7
2025-10-10,PRD0113,5448,2581,9,51.4
2025-10-17,PRD0113,5731,2714,10,60.8
2025-10-24,PRD0113,5884,2487,9,52.1
2025-10-31,PRD0113,6160,2726,14,68.4
2025-11-07,PRD0113,5621,2400,12,58.3
2025-11-14,PRD0113,6277,2324,10,64.5
2025-11-21,PRD0113,6436,2994,15,76.2
2025-11-28,PRD0113,5519,2096,7,50.7
2025-12-05,PRD0113,6799,2513,8,58.1
2025-12-12,PRD0113,5421,2008,9,55.9
2025-12-19,PRD0113,6571,3465,9,57.3
2025-12-26,PRD0113,5628,2774,6,45.5
2026-01-02,PRD0113,6779,3561,15,72.1
2026-01-09,PRD0113,6890,3068,8,58.0
2026-01-16,PRD0113,6594,2321,9,58.1
2026-01-23,PRD0113,6694,3357,10,60.5
2026-01-30,PRD0113,5944,3031,12,61.8
2026-02-06,PRD0113,5224,2635,10,55.4
2026-02-13,PRD0113,6360,3033,12,65.6
2026-02-20,PRD0113,6147,2938,14,66.5
2026-02-27,PRD0113,5891,2615,7,52.3
2026-03-06,PRD0113,6770,3540,12,63.6
2026-03-13,PRD0113,5243,2516,7,46.2
2026-03-20,PRD0113,6426,2275,14,71.2
2026-03-27,PRD0113,6780,2875,8,61.4
2026-04-03,PRD0113,6656,3333,13,68.5
2026-04-10,PRD0113,6844,2783,12,72.8
2026-04-17,PRD0113,5799,2241,9,58.5
2026-04-24,PRD0113,5967,3056,14,67.0
2026-05-01,PRD0113,5548,2139,13,60.8
2026-05-08,PRD0113,6491,3249,13,68.4
2026-05-15,PRD0113,5752,2226,10,53.4
2026-05-22,PRD0113,6176,3143,11,58.7
2026-05-29,PRD0113,5866,2278,11,56.5
2026-06-05,PRD0113,6692,3077,11,60.2
2026-06-12,PRD0113,6784,3375,8,56.8
2026-06-19,PRD0113,6769,2846,15,76.3
2026-06-26,PRD0113,5592,2539,10,56.5
2025-06-18,PRD0114,3707,1357,6,36.2
2025-06-25,PRD0114,3856,1411,5,33.5
2025-07-02,PRD0114,4520,2232,7,45.1
2025-07-09,PRD0114,4873,2676,5,41.3
2025-07-16,PRD0114,3625,1673,8,41.6
2025-07-23,PRD0114,4340,2090,8,45.8
2025-07-30,PRD0114,4127,2090,7,40.5
2025-08-06,PRD0114,4516,1955,9,45.0
2025-08-13,PRD0114,4810,2464,11,51.6
2025-08-20,PRD0114,4397,2262,8,45.8
2025-08-27,PRD0114,3972,1526,9,43.9
2025-09-03,PRD0114,4047,1575,8,39.9
2025-09-10,PRD0114,3661,1521,4,30.6
2025-09-17,PRD0114,4360,1707,8,41.3
2025-09-24,PRD0114,4572,2444,6,42.0
2025-10-01,PRD0114,4253,1779,8,46.4
2025-10-08,PRD0114,4647,2025,7,42.9
2025-10-15,PRD0114,4390,2364,7,39.1
2025-10-22,PRD0114,3700,1470,8,42.1
2025-10-29,PRD0114,3797,1527,6,37.5
2025-11-05,PRD0114,4694,2381,8,49.4
2025-11-12,PRD0114,3668,1804,8,41.4
2025-11-19,PRD0114,3837,1828,7,36.5
2025-11-26,PRD0114,3719,1348,7,38.0
2025-12-03,PRD0114,4411,2183,9,45.2
2025-12-10,PRD0114,4716,2287,9,50.8
2025-12-17,PRD0114,4026,1521,8,39.0
2025-12-24,PRD0114,3823,1910,8,40.0
2025-12-31,PRD0114,4584,2061,9,44.2
2026-01-07,PRD0114,4008,2077,5,38.5
2026-01-14,PRD0114,3751,1324,6,35.5
2026-01-21,PRD0114,4861,1753,8,49.1
2026-01-28,PRD0114,4615,2151,6,43.8
2026-02-04,PRD0114,3651,1872,6,35.5
2026-02-11,PRD0114,3641,1787,5,35.7
2026-02-18,PRD0114,4530,2199,10,46.2
2026-02-25,PRD0114,4257,1749,8,40.1
2026-03-04,PRD0114,3728,1338,6,38.5
2026-03-11,PRD0114,3697,1763,6,35.4
2026-03-18,PRD0114,4629,1797,9,46.0
2026-03-25,PRD0114,4392,1957,10,44.4
2026-04-01,PRD0114,4466,2422,6,41.6
2026-04-08,PRD0114,4465,1791,9,45.2
2026-04-15,PRD0114,3783,1356,6,38.4
2026-04-22,PRD0114,4645,1899,7,40.9
2026-04-29,PRD0114,4420,1644,5,37.5
2026-05-06,PRD0114,4043,2017,7,37.7
2026-05-13,PRD0114,4537,2277,10,50.4
2026-05-20,PRD0114,3780,1498,8,39.7
2026-05-27,PRD0114,4716,2303,6,39.7
2026-06-03,PRD0114,4099,2074,8,44.2
2026-06-10,PRD0114,4383,2198,10,48.4
2026-06-17,PRD0114,4530,2406,9,46.9
2026-06-24,PRD0114,4225,1848,6,36.5
2025-12-13,PRD0115,4955,2194,6,45.9
2025-12-20,PRD0115,5113,1875,12,54.2
2025-12-27,PRD0115,4890,2333,6,42.0
2026-01-03,PRD0115,4920,1760,8,48.2
2026-01-10,PRD0115,4686,2332,7,44.2
2026-01-17,PRD0115,5444,2607,11,59.7
2026-01-24,PRD0115,4543,1693,8,46.4
2026-01-31,PRD0115,4952,2698,9,51.9
2026-02-07,PRD0115,5293,1894,10,56.4
2026-02-14,PRD0115,4728,2112,7,43.2
2026-02-21,PRD0115,4498,2085,9,47.1
2026-02-28,PRD0115,4695,2264,9,44.6
2026-03-07,PRD0115,5550,2860,10,57.9
2026-03-14,PRD0115,5079,2232,10,51.0
2026-03-21,PRD0115,4257,1839,7,43.5
2026-03-28,PRD0115,5544,1949,13,63.6
2026-04-04,PRD0115,5644,2059,9,53.9
2026-04-11,PRD0115,5187,2008,10,52.0
2026-04-18,PRD0115,5226,2193,8,47.4
2026-04-25,PRD0115,4686,1904,9,44.6
2026-05-02,PRD0115,5339,2849,10,55.7
2026-05-09,PRD0115,4889,2394,8,47.6
2026-05-16,PRD0115,5656,2644,12,61.5
2026-05-23,PRD0115,5545,2090,13,57.7
2026-05-30,PRD0115,5586,2782,9,50.9
2026-06-06,PRD0115,5201,2783,6,47.3
2026-06-13,PRD0115,4673,2345,5,37.8
2026-06-20,PRD0115,4470,1924,9,45.7
2026-06-27,PRD0115,4942,2414,11,51.8
2026-02-11,PRD0116,5738,2034,11,57.0
2026-02-18,PRD0116,4955,2213,9,47.9
2026-02-25,PRD0116,4721,2558,6,41.0
2026-03-04,PRD0116,5557,3013,7,47.9
2026-03-11,PRD0116,5139,2281,6,41.7
2026-03-18,PRD0116,4484,1984,9,44.8
2026-03-25,PRD0116,4544,2011,5,38.0
2026-04-01,PRD0116,4752,2410,5,39.0
2026-04-08,PRD0116,4774,2030,8,46.8
2026-04-15,PRD0116,5813,3051,11,57.0
2026-04-22,PRD0116,5539,2691,11,58.7
2026-04-29,PRD0116,4392,2238,6,43.2
2026-05-06,PRD0116,5526,2422,10,57.5
2026-05-13,PRD0116,5724,2659,8,55.6
2026-05-20,PRD0116,4550,2017,7,43.4
2026-05-27,PRD0116,4466,2398,6,38.2
2026-06-03,PRD0116,4953,2701,7,44.1
2026-06-10,PRD0116,5543,2962,11,60.3
2026-06-17,PRD0116,4453,2259,6,39.8
2026-06-24,PRD0116,4428,2273,5,37.0
2025-08-13,PRD0117,6709,3366,10,65.3
2025-08-20,PRD0117,6518,3439,14,69.3
2025-08-27,PRD0117,6243,3199,14,69.9
2025-09-03,PRD0117,6639,2506,8,60.1
2025-09-10,PRD0117,6518,2442,14,67.1
2025-09-17,PRD0117,7570,2821,16,85.4
2025-09-24,PRD0117,7577,2694,9,62.7
2025-10-01,PRD0117,7789,3738,11,75.2
2025-10-08,PRD0117,6967,2617,8,62.5
2025-10-15,PRD0117,6758,3239,11,69.7
2025-10-22,PRD0117,7607,4102,15,77.1
2025-10-29,PRD0117,6617,2667,9,63.1
2025-11-05,PRD0117,6442,3327,8,59.1
2025-11-12,PRD0117,7638,3622,15,76.6
2025-11-19,PRD0117,7783,3367,15,80.3
2025-11-26,PRD0117,8037,3342,11,76.7
2025-12-03,PRD0117,8355,3453,19,90.0
2025-12-10,PRD0117,6458,3088,10,61.8
2025-12-17,PRD0117,6769,3197,14,73.0
2025-12-24,PRD0117,8291,3205,11,71.8
2025-12-31,PRD0117,7392,3464,16,79.4
2026-01-07,PRD0117,7694,4153,16,82.8
2026-01-14,PRD0117,8092,3109,14,77.9
2026-01-21,PRD0117,8201,3683,10,72.8
2026-01-28,PRD0117,7633,2805,15,83.6
2026-02-04,PRD0117,7972,4078,13,80.6
2026-02-11,PRD0117,7975,4245,12,72.7
2026-02-18,PRD0117,7711,3458,13,73.0
2026-02-25,PRD0117,8165,3781,12,77.5
2026-03-04,PRD0117,6255,2723,13,61.4
2026-03-11,PRD0117,6200,2874,13,69.9
2026-03-18,PRD0117,7032,3229,9,65.6
2026-03-25,PRD0117,7179,3670,15,75.9
2026-04-01,PRD0117,7476,3790,16,80.6
2026-04-08,PRD0117,8151,4263,16,82.6
2026-04-15,PRD0117,7452,2816,9,69.5
2026-04-22,PRD0117,6234,2377,10,62.9
2026-04-29,PRD0117,6953,2709,11,62.5
2026-05-06,PRD0117,7128,3312,17,83.8
2026-05-13,PRD0117,7957,3009,15,77.9
2026-05-20,PRD0117,6249,2891,10,56.8
2026-05-27,PRD0117,7639,4037,10,68.9
2026-06-03,PRD0117,6620,3224,14,67.3
2026-06-10,PRD0117,6992,3354,10,66.8
2026-06-17,PRD0117,7692,3591,11,72.9
2026-06-24,PRD0117,7290,3325,17,86.0
2026-01-16,PRD0118,5938,2759,8,57.7
2026-01-23,PRD0118,5880,2982,10,61.4
2026-01-30,PRD0118,6137,3038,9,60.1
2026-02-06,PRD0118,6199,3097,10,60.9
2026-02-13,PRD0118,6629,3292,14,66.9
2026-02-20,PRD0118,6416,3176,11,66.8
2026-02-27,PRD0118,6337,3311,13,65.9
2026-03-06,PRD0118,5301,2097,11,59.6
2026-03-13,PRD0118,5614,1991,8,55.8
2026-03-20,PRD0118,5820,2811,7,50.6
2026-03-27,PRD0118,5941,3170,9,52.1
2026-04-03,PRD0118,6310,3443,9,62.4
2026-04-10,PRD0118,5715,2419,7,51.2
2026-04-17,PRD0118,5526,2021,7,45.9
2026-04-24,PRD0118,5121,1931,11,51.6
2026-05-01,PRD0118,6404,2448,11,64.5
2026-05-08,PRD0118,6334,2645,10,63.4
2026-05-15,PRD0118,6790,3703,15,72.7
2026-05-22,PRD0118,6788,2945,12,65.2
2026-05-29,PRD0118,5481,2148,11,54.6
2026-06-05,PRD0118,6465,3322,15,70.8
2026-06-12,PRD0118,6428,2421,11,67.7
2026-06-19,PRD0118,6205,3126,11,57.8
2026-06-26,PRD0118,6837,2556,8,58.9
2025-12-02,PRD0119,4917,2464,6,41.6
2025-12-09,PRD0119,5122,2050,12,56.9
2025-12-16,PRD0119,5608,2601,12,64.2
2025-12-23,PRD0119,5564,2329,12,55.6
2025-12-30,PRD0119,5528,2461,7,46.0
2026-01-06,PRD0119,4461,2061,8,41.6
2026-01-13,PRD0119,4863,1731,10,54.9
2026-01-20,PRD0119,4269,2025,9,45.1
2026-01-27,PRD0119,5450,2893,7,46.3
2026-02-03,PRD0119,4897,1902,11,56.9
2026-02-10,PRD0119,5291,2399,6,49.5
2026-02-17,PRD0119,4429,2161,8,47.8
2026-02-24,PRD0119,5090,2625,10,52.8
2026-03-03,PRD0119,4802,2368,5,38.2
2026-03-10,PRD0119,4416,1569,8,44.2
2026-03-17,PRD0119,5482,2953,7,49.9
2026-03-24,PRD0119,5306,2153,7,48.9
2026-03-31,PRD0119,5144,2133,8,45.5
2026-04-07,PRD0119,4540,1657,7,44.0
2026-04-14,PRD0119,5347,2538,11,60.1
2026-04-21,PRD0119,4363,1841,9,42.6
2026-04-28,PRD0119,4440,1566,10,48.6
2026-05-05,PRD0119,4276,1867,5,38.2
2026-05-12,PRD0119,5582,2472,6,51.3
2026-05-19,PRD0119,5279,1976,7,44.5
2026-05-26,PRD0119,4849,2303,8,48.2
2026-06-02,PRD0119,4956,2509,7,47.2
2026-06-09,PRD0119,4693,2572,8,46.6
2026-06-16,PRD0119,4336,1808,6,41.9
2026-06-23,PRD0119,4840,2566,8,47.9
2026-06-30,PRD0119,5195,1951,7,46.9
2025-11-06,PRD0120,1732,793,2,15.8
2025-11-13,PRD0120,1620,666,3,15.7
2025-11-20,PRD0120,1849,930,2,14.8
2025-11-27,PRD0120,2068,831,3,18.1
2025-12-04,PRD0120,2025,814,2,16.5
2025-12-11,PRD0120,2021,1054,4,19.7
2025-12-18,PRD0120,1975,1055,4,21.9
2025-12-25,PRD0120,1792,974,3,18.6
2026-01-01,PRD0120,1852,973,3,17.9
2026-01-08,PRD0120,2002,1075,4,22.2
2026-01-15,PRD0120,1837,807,3,19.0
2026-01-22,PRD0120,1593,683,3,16.0
2026-01-29,PRD0120,1897,1035,2,15.2
2026-02-05,PRD0120,1791,711,3,17.6
2026-02-12,PRD0120,2034,800,3,17.8
2026-02-19,PRD0120,1634,759,3,15.5
2026-02-26,PRD0120,1951,821,3,18.6
2026-03-05,PRD0120,1627,860,3,17.7
2026-03-12,PRD0120,1786,630,3,16.9
2026-03-19,PRD0120,1810,846,3,16.4
2026-03-26,PRD0120,1824,801,3,17.9
2026-04-02,PRD0120,2085,1105,4,20.2
2026-04-09,PRD0120,1574,856,3,17.2
2026-04-16,PRD0120,1911,1031,2,17.5
2026-04-23,PRD0120,2073,1047,2,17.0
2026-04-30,PRD0120,2033,1114,4,19.9
2026-05-07,PRD0120,1683,598,3,16.7
2026-05-14,PRD0120,1823,848,3,16.7
2026-05-21,PRD0120,1674,822,2,15.4
2026-05-28,PRD0120,1754,616,3,17.8
2026-06-04,PRD0120,1547,811,3,16.7
2026-06-11,PRD0120,1663,799,2,15.7
2026-06-18,PRD0120,1563,828,2,14.8
2026-06-25,PRD0120,2079,1069,3,19.8
2026-05-20,PRD0121,5981,2710,10,62.3
2026-05-27,PRD0121,6268,3309,12,67.7
2026-06-03,PRD0121,7479,3818,16,74.0
2026-06-10,PRD0121,6736,2416,8,59.4
2026-06-17,PRD0121,7626,2820,11,68.2
2026-06-24,PRD0121,7491,2668,9,64.0
2026-03-06,PRD0122,7268,3604,14,80.2
2026-03-13,PRD0122,7906,3215,13,76.0
2026-03-20,PRD0122,7415,3539,16,78.0
2026-03-27,PRD0122,7082,3473,12,73.4
2026-04-03,PRD0122,7937,4193,16,86.6
2026-04-10,PRD0122,7780,3872,11,70.6
2026-04-17,PRD0122,7078,3084,12,67.2
2026-04-24,PRD0122,7158,3220,9,60.8
2026-05-01,PRD0122,7087,3731,13,68.7
2026-05-08,PRD0122,7554,3556,13,70.7
2026-05-15,PRD0122,6453,2591,12,61.1
2026-05-22,PRD0122,6355,2484,9,62.2
2026-05-29,PRD0122,7784,3540,17,89.1
2026-06-05,PRD0122,6274,2902,7,54.1
2026-06-12,PRD0122,7758,3043,18,87.7
2026-06-19,PRD0122,6028,2975,14,64.0
2026-06-26,PRD0122,7670,3328,17,82.8
2026-02-22,PRD0123,5596,2082,12,61.2
2026-03-01,PRD0123,4191,1731,6,41.0
2026-03-08,PRD0123,5137,2210,9,49.5
2026-03-15,PRD0123,4131,2206,6,41.2
2026-03-22,PRD0123,3903,1656,4,32.8
2026-03-29,PRD0123,3442,1874,2,25.7
2026-04-05,PRD0123,3521,1886,4,29.0
2026-04-12,PRD0123,2943,1218,2,23.0
2026-04-19,PRD0123,2864,1310,2,21.2
2026-04-26,PRD0123,2607,987,1,19.6
2026-05-03,PRD0123,2024,739,1,14.8
2026-05-10,PRD0123,2396,920,2,19.4
2026-05-17,PRD0123,2106,918,1,14.5
2026-05-24,PRD0123,1850,760,1,13.8
2026-05-31,PRD0123,1608,820,0,10.0
2026-06-07,PRD0123,1608,623,0,11.1
2026-06-14,PRD0123,1242,454,0,8.4
2026-06-21,PRD0123,1419,610,0,9.3
2026-06-28,PRD0123,1243,527,0,7.9
2025-08-30,PRD0124,5894,2151,8,54.8
2025-09-06,PRD0124,7563,3171,15,78.7
2025-09-13,PRD0124,6321,3397,14,72.4
2025-09-20,PRD0124,6085,2740,12,59.0
2025-09-27,PRD0124,6169,2589,10,58.9
2025-10-04,PRD0124,6924,3771,10,69.3
2025-10-11,PRD0124,7305,3349,15,75.0
2025-10-18,PRD0124,7460,3412,14,70.8
2025-10-25,PRD0124,6995,3740,11,68.8
2025-11-01,PRD0124,7498,3662,14,79.0
2025-11-08,PRD0124,7677,3876,17,82.2
2025-11-15,PRD0124,6213,2702,11,63.1
2025-11-22,PRD0124,6529,3524,12,64.8
2025-11-29,PRD0124,7461,4007,11,69.2
2025-12-06,PRD0124,7410,3833,13,74.5
2025-12-13,PRD0124,6068,2708,12,63.9
2025-12-20,PRD0124,7664,2821,17,78.3
2025-12-27,PRD0124,7667,3935,13,70.3
2026-01-03,PRD0124,7207,3502,17,77.7
2026-01-10,PRD0124,7130,3459,9,59.1
2026-01-17,PRD0124,6768,3262,9,65.5
2026-01-24,PRD0124,5933,3097,9,52.4
2026-01-31,PRD0124,5626,2364,10,53.2
2026-02-07,PRD0124,6351,2566,10,57.5
2026-02-14,PRD0124,4773,2060,7,42.9
2026-02-21,PRD0124,4826,1724,4,37.3
2026-02-28,PRD0124,3695,1471,4,34.0
2026-03-07,PRD0124,3245,1456,2,26.4
2026-03-14,PRD0124,3901,1416,3,29.6
2026-03-21,PRD0124,3008,1231,3,24.8
2026-03-28,PRD0124,2873,1442,2,21.6
2026-04-04,PRD0124,3224,1460,3,27.4
2026-04-11,PRD0124,2801,1241,1,19.4
2026-04-18,PRD0124,2706,993,2,19.9
2026-04-25,PRD0124,2431,935,1,18.3
2026-05-02,PRD0124,2388,1197,1,17.8
2026-05-09,PRD0124,1895,793,0,11.5
2026-05-16,PRD0124,1679,905,0,10.6
2026-05-23,PRD0124,1569,843,0,10.0
2026-05-30,PRD0124,1477,718,0,10.0
2026-06-06,PRD0124,1611,759,0,10.8
2026-06-13,PRD0124,1568,657,0,9.6
2026-06-20,PRD0124,1443,569,0,8.7
2026-06-27,PRD0124,1236,615,0,8.2
2026-01-03,PRD0125,8038,3104,12,75.0
2026-01-10,PRD0125,7678,3769,16,75.7
2026-01-17,PRD0125,7532,3939,16,76.7
2026-01-24,PRD0125,9533,4649,12,91.8
2026-01-31,PRD0125,8079,3219,16,81.9
2026-02-07,PRD0125,8372,4470,19,95.7
2026-02-14,PRD0125,7412,3690,12,73.5
2026-02-21,PRD0125,9696,3458,22,100.0
2026-02-28,PRD0125,8858,4292,16,82.6
2026-03-07,PRD0125,9020,4661,12,78.9
2026-03-14,PRD0125,7746,3124,11,75.4
2026-03-21,PRD0125,9100,4210,19,97.5
2026-03-28,PRD0125,7841,2989,16,87.5
2026-04-04,PRD0125,7217,2607,14,70.4
2026-04-11,PRD0125,9457,4144,19,94.6
2026-04-18,PRD0125,7598,3432,16,80.7
2026-04-25,PRD0125,9440,4146,17,97.0
2026-05-02,PRD0125,7469,3512,10,68.5
2026-05-09,PRD0125,8144,2914,10,67.3
2026-05-16,PRD0125,7351,3194,14,70.9
2026-05-23,PRD0125,8505,4440,16,86.2
2026-05-30,PRD0125,8331,3466,14,82.1
2026-06-06,PRD0125,7505,2875,14,81.5
2026-06-13,PRD0125,8860,3528,13,81.9
2026-06-20,PRD0125,7748,2996,11,70.5
2026-06-27,PRD0125,8846,4816,17,95.6
2025-06-15,PRD0126,4461,2249,7,44.3
2025-06-22,PRD0126,4220,1757,7,41.0
2025-06-29,PRD0126,3722,2038,4,34.4
2025-07-06,PRD0126,3785,1920,8,40.2
2025-07-13,PRD0126,4024,1719,8,42.2
2025-07-20,PRD0126,4431,1912,9,42.9
2025-07-27,PRD0126,4280,2046,9,48.4
2025-08-03,PRD0126,4185,1839,6,37.0
2025-08-10,PRD0126,4348,2162,7,42.8
2025-08-17,PRD0126,3455,1598,4,32.1
2025-08-24,PRD0126,3737,1855,6,35.9
2025-08-31,PRD0126,4046,1714,8,41.6
2025-09-07,PRD0126,3505,1566,5,31.4
2025-09-14,PRD0126,4088,1681,4,35.0
2025-09-21,PRD0126,3402,1340,5,30.3
2025-09-28,PRD0126,2778,1316,3,24.4
2025-10-05,PRD0126,3183,1541,4,27.0
2025-10-12,PRD0126,2298,1133,3,22.2
2025-10-19,PRD0126,2376,894,2,19.2
2025-10-26,PRD0126,2372,1110,2,19.6
2025-11-02,PRD0126,2150,1154,2,18.3
2025-11-09,PRD0126,1991,970,1,15.9
2025-11-16,PRD0126,1704,699,1,12.8
2025-11-23,PRD0126,1880,741,1,14.9
2025-11-30,PRD0126,1707,703,1,13.1
2025-12-07,PRD0126,1711,908,0,10.8
2025-12-14,PRD0126,1416,674,0,9.2
2025-12-21,PRD0126,1309,654,0,8.9
2025-12-28,PRD0126,1219,605,0,7.6
2026-01-04,PRD0126,1310,689,0,8.9
2026-01-11,PRD0126,1036,561,0,6.5
2026-01-18,PRD0126,1137,552,0,7.1
2026-01-25,PRD0126,978,420,0,6.0
2026-02-01,PRD0126,985,491,0,6.0
2026-02-08,PRD0126,886,340,0,5.7
2026-02-15,PRD0126,838,380,0,5.8
2026-02-22,PRD0126,744,297,0,4.7
2026-03-01,PRD0126,664,356,0,4.4
2026-03-08,PRD0126,590,319,0,3.7
2026-03-15,PRD0126,587,240,0,3.9
2026-03-22,PRD0126,631,250,0,3.9
2026-03-29,PRD0126,572,284,0,3.7
2026-04-05,PRD0126,526,271,0,3.4
2026-04-12,PRD0126,674,269,0,4.4
2026-04-19,PRD0126,640,336,0,4.4
2026-04-26,PRD0126,540,243,0,3.3
2026-05-03,PRD0126,545,201,0,3.3
2026-05-10,PRD0126,647,277,0,4.0
2026-05-17,PRD0126,639,299,0,3.9
2026-05-24,PRD0126,546,251,0,3.5
2026-05-31,PRD0126,522,247,0,3.6
2026-06-07,PRD0126,520,262,0,3.3
2026-06-14,PRD0126,626,220,0,4.2
2026-06-21,PRD0126,616,308,0,4.0
2026-06-28,PRD0126,652,343,0,4.0
2025-03-29,PRD0127,2585,1064,3,24.4
2025-04-05,PRD0127,2990,1351,6,29.3
2025-04-12,PRD0127,3097,1277,6,30.9
2025-04-19,PRD0127,2854,1063,6,28.2
2025-04-26,PRD0127,2934,1351,3,24.9
2025-05-03,PRD0127,2783,1077,3,23.0
2025-05-10,PRD0127,2381,946,5,26.1
2025-05-17,PRD0127,2350,1231,5,23.9
2025-05-24,PRD0127,2861,1326,3,25.7
2025-05-31,PRD0127,2481,1057,5,24.0
2025-06-07,PRD0127,3054,1600,4,26.7
2025-06-14,PRD0127,2405,954,4,24.3
2025-06-21,PRD0127,2497,1099,3,20.9
2025-06-28,PRD0127,3061,1612,3,24.2
2025-07-05,PRD0127,2703,1250,5,25.9
2025-07-12,PRD0127,3131,1562,4,27.7
2025-07-19,PRD0127,2904,1075,6,30.1
2025-07-26,PRD0127,2760,1028,4,27.4
2025-08-02,PRD0127,2999,1494,5,27.6
2025-08-09,PRD0127,2836,1094,3,23.1
2025-08-16,PRD0127,2670,1071,3,23.0
2025-08-23,PRD0127,2987,1147,3,25.6
2025-08-30,PRD0127,2411,1174,5,24.8
2025-09-06,PRD0127,2872,1018,6,28.1
2025-09-13,PRD0127,2997,1095,5,30.5
2025-09-20,PRD0127,2392,1001,4,24.4
2025-09-27,PRD0127,2344,942,3,21.2
2025-10-04,PRD0127,2683,1201,3,24.3
2025-10-11,PRD0127,2759,1206,5,25.8
2025-10-18,PRD0127,2348,1129,3,19.6
2025-10-25,PRD0127,2714,1097,4,23.6
2025-11-01,PRD0127,3114,1234,4,29.7
2025-11-08,PRD0127,2412,1279,4,23.3
2025-11-15,PRD0127,2834,1242,6,28.4
2025-11-22,PRD0127,2497,886,5,26.2
2025-11-29,PRD0127,2537,893,3,23.2
2025-12-06,PRD0127,2394,930,2,20.6
2025-12-13,PRD0127,3045,1391,3,26.1
2025-12-20,PRD0127,2375,845,3,21.0
2025-12-27,PRD0127,2395,1161,4,24.6
2026-01-03,PRD0127,3050,1357,3,24.1
2026-01-10,PRD0127,2383,1021,4,24.9
2026-01-17,PRD0127,3051,1413,7,33.8
2026-01-24,PRD0127,3129,1489,4,29.8
2026-01-31,PRD0127,2991,1199,3,26.2
2026-02-07,PRD0127,2842,1169,4,27.0
2026-02-14,PRD0127,3119,1430,6,30.1
2026-02-21,PRD0127,2394,897,5,27.1
2026-02-28,PRD0127,2569,1366,5,26.4
2026-03-07,PRD0127,2917,1292,4,25.0
2026-03-14,PRD0127,3054,1147,5,30.7
2026-03-21,PRD0127,2422,866,3,20.2
2026-03-28,PRD0127,2691,1120,6,29.1
2026-04-04,PRD0127,3126,1568,3,27.7
2026-04-11,PRD0127,2892,1333,4,28.6
2026-04-18,PRD0127,3134,1288,5,28.6
2026-04-25,PRD0127,2723,1027,6,30.4
2026-05-02,PRD0127,2391,1275,4,23.9
2026-05-09,PRD0127,2493,1006,4,23.9
2026-05-16,PRD0127,2537,1247,4,26.1
2026-05-23,PRD0127,3134,1485,7,32.4
2026-05-30,PRD0127,2862,1196,5,29.2
2026-06-06,PRD0127,2355,1153,3,22.4
2026-06-13,PRD0127,2848,1324,4,26.0
2026-06-20,PRD0127,2932,1495,4,26.4
2026-06-27,PRD0127,2783,1122,5,26.8
2025-08-27,PRD0128,6252,2587,13,69.0
2025-09-03,PRD0128,5864,2885,11,60.1
2025-09-10,PRD0128,6244,3011,10,62.8
2025-09-17,PRD0128,5511,2203,13,64.6
2025-09-24,PRD0128,6756,3522,15,78.1
2025-10-01,PRD0128,6388,2308,8,56.5
2025-10-08,PRD0128,5678,2872,7,52.0
2025-10-15,PRD0128,5470,2324,11,54.9
2025-10-22,PRD0128,6495,2719,15,70.5
2025-10-29,PRD0128,5964,3041,10,57.5
2025-11-05,PRD0128,6860,2668,12,65.7
2025-11-12,PRD0128,5716,2415,11,60.8
2025-11-19,PRD0128,6855,3692,9,65.7
2025-11-26,PRD0128,6947,2548,9,61.2
2025-12-03,PRD0128,6865,2766,16,73.9
2025-12-10,PRD0128,6408,2456,13,68.4
2025-12-17,PRD0128,6205,2543,13,68.4
2025-12-24,PRD0128,5923,2672,13,59.7
2025-12-31,PRD0128,6375,2388,14,66.3
2026-01-07,PRD0128,6130,2893,13,66.8
2026-01-14,PRD0128,5756,2689,12,65.4
2026-01-21,PRD0128,5544,2429,8,49.4
2026-01-28,PRD0128,6898,3267,15,72.7
2026-02-04,PRD0128,6414,3286,10,64.5
2026-02-11,PRD0128,5337,2205,7,47.4
2026-02-18,PRD0128,6965,2542,12,72.4
2026-02-25,PRD0128,6110,2833,14,71.1
2026-03-04,PRD0128,5314,2877,11,56.5
2026-03-11,PRD0128,5704,2840,13,57.9
2026-03-18,PRD0128,6152,2325,10,57.7
2026-03-25,PRD0128,6977,3478,12,70.7
2026-04-01,PRD0128,7029,3781,11,69.7
2026-04-08,PRD0128,7046,3361,16,78.6
2026-04-15,PRD0128,5249,2278,10,52.7
2026-04-22,PRD0128,6562,2792,14,71.3
2026-04-29,PRD0128,5671,2490,8,49.3
2026-05-06,PRD0128,6722,3426,14,71.2
2026-05-13,PRD0128,6130,3317,11,60.2
2026-05-20,PRD0128,5241,1915,11,55.0
2026-05-27,PRD0128,5870,2065,7,49.1
2026-06-03,PRD0128,5229,2590,7,47.0
2026-06-10,PRD0128,5227,2095,6,48.6
2026-06-17,PRD0128,6111,2820,13,65.5
2026-06-24,PRD0128,6680,3623,12,64.0
2025-05-14,PRD0129,5345,2860,6,45.7
2025-05-21,PRD0129,5249,2621,10,51.9
2025-05-28,PRD0129,5775,3003,11,61.4
2025-06-04,PRD0129,6218,3189,13,65.3
2025-06-11,PRD0129,6681,2557,15,74.3
2025-06-18,PRD0129,5620,2279,8,50.2
2025-06-25,PRD0129,5130,2283,11,52.0
2025-07-02,PRD0129,6376,2911,10,63.0
2025-07-09,PRD0129,5742,2432,10,60.6
2025-07-16,PRD0129,5685,2670,12,58.2
2025-07-23,PRD0129,6862,3307,13,66.9
2025-07-30,PRD0129,6462,2894,13,67.4
2025-08-06,PRD0129,6173,2196,9,57.5
2025-08-13,PRD0129,5950,3059,11,63.3
2025-08-20,PRD0129,5481,2404,6,46.0
2025-08-27,PRD0129,6232,2231,11,63.0
2025-09-03,PRD0129,6419,2934,10,63.8
2025-09-10,PRD0129,6577,2604,8,56.0
2025-09-17,PRD0129,6858,2995,8,56.8
2025-09-24,PRD0129,5745,2644,9,56.0
2025-10-01,PRD0129,5795,2858,12,60.3
2025-10-08,PRD0129,5748,2789,13,61.7
2025-10-15,PRD0129,6738,2798,8,56.4
2025-10-22,PRD0129,5207,2343,7,45.0
2025-10-29,PRD0129,5351,2205,10,57.7
2025-11-05,PRD0129,6053,3179,8,53.1
2025-11-12,PRD0129,6154,2228,9,60.1
2025-11-19,PRD0129,6246,2587,10,58.6
2025-11-26,PRD0129,6548,3131,11,63.6
2025-12-03,PRD0129,6420,3005,7,54.9
2025-12-10,PRD0129,6716,3587,15,76.0
2025-12-17,PRD0129,5686,3009,10,59.6
2025-12-24,PRD0129,6114,3056,12,65.4
2025-12-31,PRD0129,6456,2686,9,63.6
2026-01-07,PRD0129,6795,3389,14,70.6
2026-01-14,PRD0129,6534,3392,8,59.5
2026-01-21,PRD0129,6556,3307,14,73.7
2026-01-28,PRD0129,6166,2940,8,53.7
2026-02-04,PRD0129,6340,3293,10,64.2
2026-02-11,PRD0129,5481,2602,9,54.6
2026-02-18,PRD0129,6158,3307,11,58.1
2026-02-25,PRD0129,6582,3178,10,57.9
2026-03-04,PRD0129,5106,2359,10,51.4
2026-03-11,PRD0129,6392,3440,9,58.3
2026-03-18,PRD0129,6438,2858,10,64.5
2026-03-25,PRD0129,6084,2213,14,68.7
2026-04-01,PRD0129,6201,2768,12,62.1
2026-04-08,PRD0129,6213,2693,9,59.9
2026-04-15,PRD0129,6452,2286,8,56.2
2026-04-22,PRD0129,5145,2614,7,49.9
2026-04-29,PRD0129,5242,2387,9,51.6
2026-05-06,PRD0129,5913,2686,11,63.6
2026-05-13,PRD0129,6900,3647,9,59.7
2026-05-20,PRD0129,6019,2451,12,63.6
2026-05-27,PRD0129,5971,3050,12,57.9
2026-06-03,PRD0129,5546,3034,11,59.1
2026-06-10,PRD0129,5215,2675,8,46.4
2026-06-17,PRD0129,6276,2510,12,67.8
2026-06-24,PRD0129,5202,2008,6,46.2
2025-01-16,PRD0130,7714,3043,17,83.8
2025-01-23,PRD0130,9068,4414,11,81.4
2025-01-30,PRD0130,9573,4280,22,100.0
2025-02-06,PRD0130,8476,3742,14,79.1
2025-02-13,PRD0130,8266,4158,14,78.7
2025-02-20,PRD0130,8094,3368,18,83.8
2025-02-27,PRD0130,9496,4281,18,100.0
2025-03-06,PRD0130,8978,3505,19,98.7
2025-03-13,PRD0130,7482,2694,12,68.8
2025-03-20,PRD0130,8009,3132,17,85.7
2025-03-27,PRD0130,9069,3419,18,89.5
2025-04-03,PRD0130,9615,3523,15,95.2
2025-04-10,PRD0130,7385,4023,13,71.5
2025-04-17,PRD0130,9206,4077,12,80.0
2025-04-24,PRD0130,8307,4237,14,79.9
2025-05-01,PRD0130,7923,2941,15,76.1
2025-05-08,PRD0130,9306,3826,16,90.8
2025-05-15,PRD0130,7481,4019,17,87.6
2025-05-22,PRD0130,8638,3446,20,97.5
2025-05-29,PRD0130,8360,4395,18,88.8
2025-06-05,PRD0130,7346,3427,9,66.0
2025-06-12,PRD0130,9306,4966,15,92.0
2025-06-19,PRD0130,7609,3790,16,78.9
2025-06-26,PRD0130,8785,3872,18,87.4
2025-07-03,PRD0130,8597,3932,15,88.6
2025-07-10,PRD0130,8740,3206,17,94.5
2025-07-17,PRD0130,8707,4720,19,91.6
2025-07-24,PRD0130,7418,3603,11,70.5
2025-07-31,PRD0130,9113,4466,13,89.0
2025-08-07,PRD0130,8209,4514,19,89.5
2025-08-14,PRD0130,9160,3470,20,91.0
2025-08-21,PRD0130,7863,4275,11,76.7
2025-08-28,PRD0130,9696,5097,20,100.0
2025-09-04,PRD0130,8577,3568,15,78.6
2025-09-11,PRD0130,7383,3452,15,78.4
2025-09-18,PRD0130,8089,2904,18,85.0
2025-09-25,PRD0130,8356,2997,19,93.9
2025-10-02,PRD0130,7789,3489,16,87.5
2025-10-09,PRD0130,9507,4740,21,100.0
2025-10-16,PRD0130,7353,3590,14,74.6
2025-10-23,PRD0130,9498,3385,18,93.0
2025-10-30,PRD0130,8991,3908,18,87.9
2025-11-06,PRD0130,7456,3599,9,65.9
2025-11-13,PRD0130,8780,4481,18,90.5
2025-11-20,PRD0130,7890,3521,17,84.3
2025-11-27,PRD0130,7942,3064,14,84.0
2025-12-04,PRD0130,9431,4940,19,100.0
2025-12-11,PRD0130,8454,4479,13,75.2
2025-12-18,PRD0130,8111,2923,18,86.4
2025-12-25,PRD0130,9588,3490,15,91.1
2026-01-01,PRD0130,8969,3793,15,86.4
2026-01-08,PRD0130,9394,4066,22,100.0
2026-01-15,PRD0130,9702,4493,16,97.8
2026-01-22,PRD0130,8195,3535,9,71.6
2026-01-29,PRD0130,8150,3047,13,82.7
2026-02-05,PRD0130,7390,2892,11,74.7
2026-02-12,PRD0130,7684,3090,12,68.5
2026-02-19,PRD0130,7586,3254,12,73.8
2026-02-26,PRD0130,7415,2810,15,82.3
2026-03-05,PRD0130,8355,4159,13,83.8
2026-03-12,PRD0130,8988,3842,16,86.9
2026-03-19,PRD0130,8433,4222,15,85.4
2026-03-26,PRD0130,8246,3212,15,88.3
2026-04-02,PRD0130,7356,2812,14,72.3
2026-04-09,PRD0130,7729,3587,16,77.5
2026-04-16,PRD0130,9146,4689,19,95.3
2026-04-23,PRD0130,7546,2647,10,68.4
2026-04-30,PRD0130,8239,4394,17,81.5
2026-05-07,PRD0130,8201,4466,17,81.0
2026-05-14,PRD0130,9308,4862,13,92.4
2026-05-21,PRD0130,8865,4586,14,82.9
2026-05-28,PRD0130,9274,3254,19,92.4
2026-06-04,PRD0130,7238,2806,12,67.3
2026-06-11,PRD0130,9082,4069,14,87.9
2026-06-18,PRD0130,7944,3997,14,82.6
2026-06-25,PRD0130,7212,2953,8,67.0
2025-02-23,PRD0131,2618,1306,4,23.0
2025-03-02,PRD0131,3077,1266,5,30.7
2025-03-09,PRD0131,2693,1316,4,26.3
2025-03-16,PRD0131,2710,1318,3,22.9
2025-03-23,PRD0131,2786,1039,5,28.9
2025-03-30,PRD0131,2442,973,5,23.7
2025-04-06,PRD0131,3155,1644,6,33.3
2025-04-13,PRD0131,2714,1311,4,24.0
2025-04-20,PRD0131,2489,1037,5,27.8
2025-04-27,PRD0131,3182,1565,4,30.4
2025-05-04,PRD0131,2863,1047,5,28.8
2025-05-11,PRD0131,3126,1224,5,29.5
2025-05-18,PRD0131,2628,1261,6,27.9
2025-05-25,PRD0131,2582,941,3,22.3
2025-06-01,PRD0131,3160,1473,4,26.2
2025-06-08,PRD0131,2604,1267,5,27.6
2025-06-15,PRD0131,3005,1413,7,30.8
2025-06-22,PRD0131,2504,1049,4,24.7
2025-06-29,PRD0131,2156,1060,3,18.7
2025-07-06,PRD0131,2533,1053,3,20.9
2025-07-13,PRD0131,1807,923,2,15.0
2025-07-20,PRD0131,1929,889,2,15.3
2025-07-27,PRD0131,1965,817,1,15.5
2025-08-03,PRD0131,1688,615,1,13.5
2025-08-10,PRD0131,1562,705,1,12.9
2025-08-17,PRD0131,1298,485,1,10.3
2025-08-24,PRD0131,1408,562,1,10.9
2025-08-31,PRD0131,1235,517,0,8.6
2025-09-07,PRD0131,1288,658,0,8.8
2025-09-14,PRD0131,1194,587,0,8.1
2025-09-21,PRD0131,1237,572,0,7.7
2025-09-28,PRD0131,934,486,0,6.3
2025-10-05,PRD0131,941,481,0,6.0
2025-10-12,PRD0131,822,376,0,5.2
2025-10-19,PRD0131,890,481,0,6.0
2025-10-26,PRD0131,674,285,0,4.3
2025-11-02,PRD0131,645,347,0,4.3
2025-11-09,PRD0131,725,392,0,4.9
2025-11-16,PRD0131,530,197,0,3.2
2025-11-23,PRD0131,500,213,0,3.2
2025-11-30,PRD0131,457,208,0,3.2
2025-12-07,PRD0131,419,158,0,2.9
2025-12-14,PRD0131,501,230,0,3.5
2025-12-21,PRD0131,462,215,0,3.2
2025-12-28,PRD0131,393,150,0,2.6
2026-01-04,PRD0131,464,209,0,3.0
2026-01-11,PRD0131,364,174,0,2.4
2026-01-18,PRD0131,449,186,0,3.1
2026-01-25,PRD0131,440,197,0,2.8
2026-02-01,PRD0131,390,155,0,2.6
2026-02-08,PRD0131,486,266,0,3.1
2026-02-15,PRD0131,433,216,0,2.9
2026-02-22,PRD0131,431,194,0,2.6
2026-03-01,PRD0131,392,144,0,2.7
2026-03-08,PRD0131,478,179,0,3.1
2026-03-15,PRD0131,371,132,0,2.2
2026-03-22,PRD0131,376,153,0,2.4
2026-03-29,PRD0131,463,163,0,3.2
2026-04-05,PRD0131,489,261,0,3.2
2026-04-12,PRD0131,397,173,0,2.5
2026-04-19,PRD0131,428,170,0,2.8
2026-04-26,PRD0131,446,158,0,2.7
2026-05-03,PRD0131,433,233,0,2.6
2026-05-10,PRD0131,378,204,0,2.3
2026-05-17,PRD0131,446,214,0,2.8
2026-05-24,PRD0131,375,198,0,2.3
2026-05-31,PRD0131,403,201,0,2.5
2026-06-07,PRD0131,372,143,0,2.5
2026-06-14,PRD0131,440,218,0,3.0
2026-06-21,PRD0131,434,190,0,2.8
2026-06-28,PRD0131,369,175,0,2.5
2026-01-06,PRD0132,8888,4700,18,97.6
2026-01-13,PRD0132,6644,3138,13,69.1
2026-01-20,PRD0132,6343,3068,10,56.3
2026-01-27,PRD0132,5581,2219,8,52.4
2026-02-03,PRD0132,5809,2827,6,45.7
2026-02-10,PRD0132,4987,2253,6,43.9
2026-02-17,PRD0132,4488,1642,4,35.4
2026-02-24,PRD0132,3986,2042,3,29.6
2026-03-03,PRD0132,4123,2137,3,33.1
2026-03-10,PRD0132,4357,2233,3,34.7
2026-03-17,PRD0132,4226,1529,2,33.6
2026-03-24,PRD0132,3448,1508,1,24.4
2026-03-31,PRD0132,3120,1516,1,21.9
2026-04-07,PRD0132,3168,1414,2,25.0
2026-04-14,PRD0132,2996,1445,1,20.8
2026-04-21,PRD0132,2723,1056,1,19.9
2026-04-28,PRD0132,2887,1413,1,21.5
2026-05-05,PRD0132,2305,1159,1,17.5
2026-05-12,PRD0132,2105,1078,1,15.7
2026-05-19,PRD0132,2035,1005,1,16.2
2026-05-26,PRD0132,1736,646,0,12.1
2026-06-02,PRD0132,1673,623,0,10.8
2026-06-09,PRD0132,1598,835,0,10.3
2026-06-16,PRD0132,1556,853,0,9.4
2026-06-23,PRD0132,1636,896,0,10.8
2026-06-30,PRD0132,1439,789,0,9.0
2025-11-05,PRD0133,4911,2464,7,48.7
2025-11-12,PRD0133,5755,2358,10,55.5
2025-11-19,PRD0133,4298,1681,6,37.5
2025-11-26,PRD0133,4883,2060,5,40.3
2025-12-03,PRD0133,3373,1763,4,30.7
2025-12-10,PRD0133,4159,1986,4,35.0
2025-12-17,PRD0133,3448,1761,4,32.5
2025-12-24,PRD0133,3508,1553,2,27.4
2025-12-31,PRD0133,2855,1091,3,24.4
2026-01-07,PRD0133,2836,1255,2,22.3
2026-01-14,PRD0133,2362,1248,1,17.2
2026-01-21,PRD0133,2424,1164,1,17.9
2026-01-28,PRD0133,2454,949,1,18.1
2026-02-04,PRD0133,2367,1205,1,17.9
2026-02-11,PRD0133,1765,898,1,14.3
2026-02-18,PRD0133,1691,846,0,11.7
2026-02-25,PRD0133,1761,739,1,12.9
2026-03-04,PRD0133,1930,814,0,12.1
2026-03-11,PRD0133,1689,698,1,13.7
2026-03-18,PRD0133,1366,687,0,8.5
2026-03-25,PRD0133,1237,656,0,7.6
2026-04-01,PRD0133,1269,520,0,8.0
2026-04-08,PRD0133,1357,623,0,8.7
2026-04-15,PRD0133,1249,583,0,7.7
2026-04-22,PRD0133,1134,576,0,7.3
2026-04-29,PRD0133,968,442,0,6.7
2026-05-06,PRD0133,905,325,0,6.2
2026-05-13,PRD0133,832,294,0,5.3
2026-05-20,PRD0133,928,471,0,5.9
2026-05-27,PRD0133,968,414,0,6.0
2026-06-03,PRD0133,937,400,0,5.8
2026-06-10,PRD0133,1031,466,0,7.2
2026-06-17,PRD0133,896,422,0,6.1
2026-06-24,PRD0133,969,393,0,5.9
2025-12-04,PRD0134,4747,1872,10,46.7
2025-12-11,PRD0134,3771,2036,4,31.9
2025-12-18,PRD0134,4024,2200,7,40.0
2025-12-25,PRD0134,3581,1305,5,33.2
2026-01-01,PRD0134,3604,1929,5,31.4
2026-01-08,PRD0134,3175,1596,2,22.7
2026-01-15,PRD0134,2986,1066,3,26.3
2026-01-22,PRD0134,3092,1570,2,23.6
2026-01-29,PRD0134,2533,895,1,17.7
2026-02-05,PRD0134,2220,1145,2,19.5
2026-02-12,PRD0134,2571,968,1,17.4
2026-02-19,PRD0134,2005,898,1,14.6
2026-02-26,PRD0134,2174,1129,1,15.0
2026-03-05,PRD0134,1973,1050,1,15.7
2026-03-12,PRD0134,1715,719,1,13.8
2026-03-19,PRD0134,1319,479,0,8.8
2026-03-26,PRD0134,1479,628,0,9.9
2026-04-02,PRD0134,1229,658,0,7.9
2026-04-09,PRD0134,1105,461,0,7.4
2026-04-16,PRD0134,1130,413,0,7.6
2026-04-23,PRD0134,1115,404,0,7.6
2026-04-30,PRD0134,874,437,0,5.4
2026-05-07,PRD0134,834,451,0,5.1
2026-05-14,PRD0134,790,356,0,5.3
2026-05-21,PRD0134,875,459,0,5.4
2026-05-28,PRD0134,734,320,0,4.4
2026-06-04,PRD0134,645,320,0,4.0
2026-06-11,PRD0134,766,303,0,4.8
2026-06-18,PRD0134,847,423,0,5.7
2026-06-25,PRD0134,688,295,0,4.8
2025-06-01,PRD0135,7108,3206,10,61.1
2025-06-08,PRD0135,7843,4233,18,90.6
2025-06-15,PRD0135,6941,2974,10,65.6
2025-06-22,PRD0135,7172,2731,14,76.8
2025-06-29,PRD0135,7477,2645,10,63.1
2025-07-06,PRD0135,6793,2723,8,60.3
2025-07-13,PRD0135,7305,3768,13,67.8
2025-07-20,PRD0135,6601,2337,15,75.0
2025-07-27,PRD0135,6503,3148,14,71.3
2025-08-03,PRD0135,6633,2358,10,63.2
2025-08-10,PRD0135,7841,3476,11,67.5
2025-08-17,PRD0135,6041,2420,9,57.4
2025-08-24,PRD0135,6417,2383,8,54.0
2025-08-31,PRD0135,7900,4114,9,65.7
2025-09-07,PRD0135,6469,2774,13,67.4
2025-09-14,PRD0135,6513,3514,10,63.5
2025-09-21,PRD0135,6952,2722,10,62.5
2025-09-28,PRD0135,6725,2860,8,56.0
2025-10-05,PRD0135,6757,3350,14,75.1
2025-10-12,PRD0135,7597,3059,10,69.5
2025-10-19,PRD0135,7070,2747,12,66.3
2025-10-26,PRD0135,7271,3061,16,82.0
2025-11-02,PRD0135,7353,3434,11,67.2
2025-11-09,PRD0135,7149,3608,9,59.3
2025-11-16,PRD0135,6762,3413,10,68.1
2025-11-23,PRD0135,6715,3276,11,65.7
2025-11-30,PRD0135,7916,4251,11,75.6
2025-12-07,PRD0135,6827,2936,12,67.4
2025-12-14,PRD0135,6245,3227,11,59.6
2025-12-21,PRD0135,6444,2752,9,60.4
2025-12-28,PRD0135,7774,3521,16,78.2
2026-01-04,PRD0135,6371,3025,15,67.8
2026-01-11,PRD0135,6700,3337,15,71.6
2026-01-18,PRD0135,7025,3213,11,63.8
2026-01-25,PRD0135,7620,3942,17,80.0
2026-02-01,PRD0135,7744,2854,11,75.2
2026-02-08,PRD0135,6956,3435,12,66.8
2026-02-15,PRD0135,7456,2910,16,79.0
2026-02-22,PRD0135,6902,2795,13,71.5
2026-03-01,PRD0135,7138,3093,13,72.9
2026-03-08,PRD0135,6696,3404,15,70.9
2026-03-15,PRD0135,6936,3052,13,66.0
2026-03-22,PRD0135,7879,3802,16,79.3
2026-03-29,PRD0135,6651,2601,15,72.9
2026-04-05,PRD0135,7710,3593,17,83.5
2026-04-12,PRD0135,7494,3062,9,68.0
2026-04-19,PRD0135,7956,3283,15,78.2
2026-04-26,PRD0135,6382,2838,13,63.4
2026-05-03,PRD0135,6150,2994,12,63.4
2026-05-10,PRD0135,7318,3734,14,74.0
2026-05-17,PRD0135,7866,3678,13,76.6
2026-05-24,PRD0135,6312,2727,9,54.7
2026-05-31,PRD0135,6000,2745,9,60.9
2026-06-07,PRD0135,7853,3407,18,81.0
2026-06-14,PRD0135,6237,2591,11,58.7
2026-06-21,PRD0135,7675,3535,10,72.3
2026-06-28,PRD0135,7692,2947,13,76.1
2026-01-26,PRD0136,8562,3911,14,84.8
2026-02-02,PRD0136,7618,4121,14,78.3
2026-02-09,PRD0136,7978,3810,12,77.8
2026-02-16,PRD0136,7838,4309,16,86.9
2026-02-23,PRD0136,7458,3674,9,69.0
2026-03-02,PRD0136,7510,3979,10,68.6
2026-03-09,PRD0136,7889,3397,14,78.5
2026-03-16,PRD0136,7285,3644,16,75.6
2026-03-23,PRD0136,8731,4535,13,79.6
2026-03-30,PRD0136,6993,3491,10,67.8
2026-04-06,PRD0136,7892,2833,11,76.8
2026-04-13,PRD0136,7285,3608,11,71.7
2026-04-20,PRD0136,8077,4429,14,80.8
2026-04-27,PRD0136,8273,3162,17,87.0
2026-05-04,PRD0136,9195,4595,14,86.4
2026-05-11,PRD0136,7489,3021,17,84.5
2026-05-18,PRD0136,8400,4184,11,80.3
2026-05-25,PRD0136,7265,3781,16,78.2
2026-06-01,PRD0136,7462,3225,14,80.2
2026-06-08,PRD0136,9425,4138,21,100.0
2026-06-15,PRD0136,9041,4676,18,100.0
2026-06-22,PRD0136,9366,3734,18,100.0
2026-06-29,PRD0136,9224,4777,14,93.6
2025-04-28,PRD0137,8338,3156,16,86.6
2025-05-05,PRD0137,8458,4132,15,79.3
2025-05-12,PRD0137,7357,3626,8,64.7
2025-05-19,PRD0137,7710,4130,15,76.4
2025-05-26,PRD0137,8847,3375,14,88.6
2025-06-02,PRD0137,6711,2511,15,71.9
2025-06-09,PRD0137,7527,3378,12,72.1
2025-06-16,PRD0137,8932,3908,21,100.0
2025-06-23,PRD0137,7944,3903,16,77.8
2025-06-30,PRD0137,7604,3788,12,71.8
2025-07-07,PRD0137,8459,3460,20,93.4
2025-07-14,PRD0137,7929,3738,9,66.9
2025-07-21,PRD0137,7795,3708,13,78.6
2025-07-28,PRD0137,7679,2895,17,87.5
2025-08-04,PRD0137,7624,2887,12,70.1
2025-08-11,PRD0137,6770,3236,16,76.1
2025-08-18,PRD0137,7345,3024,12,75.4
2025-08-25,PRD0137,6896,2990,15,72.8
2025-09-01,PRD0137,7692,4063,10,71.1
2025-09-08,PRD0137,8192,3581,10,74.9
2025-09-15,PRD0137,6853,3371,14,66.7
2025-09-22,PRD0137,8497,3641,10,71.9
2025-09-29,PRD0137,8237,4317,14,75.8
2025-10-06,PRD0137,6917,3517,13,73.7
2025-10-13,PRD0137,8262,3526,14,86.9
2025-10-20,PRD0137,7270,2550,10,68.1
2025-10-27,PRD0137,7249,3446,14,76.6
2025-11-03,PRD0137,7562,3501,11,67.6
2025-11-10,PRD0137,6991,3797,14,77.4
2025-11-17,PRD0137,7689,3714,12,77.8
2025-11-24,PRD0137,7161,3891,8,60.5
2025-12-01,PRD0137,7125,2658,11,71.0
2025-12-08,PRD0137,8600,4312,19,93.8
2025-12-15,PRD0137,7294,3037,12,69.8
2025-12-22,PRD0137,7337,2612,8,65.6
2025-12-29,PRD0137,8153,4454,9,75.6
2026-01-05,PRD0137,6967,3756,8,59.9
2026-01-12,PRD0137,7751,3949,11,67.7
2026-01-19,PRD0137,7047,3774,13,74.8
2026-01-26,PRD0137,8857,4067,15,82.5
2026-02-02,PRD0137,8778,4057,16,93.3
2026-02-09,PRD0137,7177,3130,8,63.7
2026-02-16,PRD0137,7382,3094,12,71.2
2026-02-23,PRD0137,8377,3916,17,90.2
2026-03-02,PRD0137,7449,3897,10,71.9
2026-03-09,PRD0137,7186,2995,9,69.0
2026-03-16,PRD0137,7661,2984,16,77.9
2026-03-23,PRD0137,8625,3932,10,70.5
2026-03-30,PRD0137,8918,3875,12,77.6
2026-04-06,PRD0137,7229,3633,12,72.4
2026-04-13,PRD0137,6782,2575,13,73.9
2026-04-20,PRD0137,8397,3355,18,84.5
2026-04-27,PRD0137,8176,3289,18,87.6
2026-05-04,PRD0137,8330,3765,19,84.2
2026-05-11,PRD0137,7231,3530,10,68.8
2026-05-18,PRD0137,6771,3125,10,66.2
2026-05-25,PRD0137,7897,4153,15,77.4
2026-06-01,PRD0137,8392,4528,15,87.2
2026-06-08,PRD0137,8617,4269,17,83.9
2026-06-15,PRD0137,6919,2977,9,65.0
2026-06-22,PRD0137,8004,2814,9,73.3
2026-06-29,PRD0137,7356,3371,14,79.4
2025-11-07,PRD0138,8511,3843,15,81.5
2025-11-14,PRD0138,6459,3344,9,55.3
2025-11-21,PRD0138,5803,2868,6,48.5
2025-11-28,PRD0138,5758,3117,8,55.7
2025-12-05,PRD0138,6345,2969,9,63.0
2025-12-12,PRD0138,6334,2340,8,57.4
2025-12-19,PRD0138,5691,3085,4,47.6
2025-12-26,PRD0138,5446,2954,7,51.1
2026-01-02,PRD0138,3901,1915,4,32.4
2026-01-09,PRD0138,3727,1883,2,29.5
2026-01-16,PRD0138,3774,1743,3,30.8
2026-01-23,PRD0138,3353,1223,2,23.7
2026-01-30,PRD0138,2816,1111,2,21.4
2026-02-06,PRD0138,2991,1457,2,24.8
2026-02-13,PRD0138,2715,1142,2,22.9
2026-02-20,PRD0138,2383,970,1,17.0
2026-02-27,PRD0138,2170,977,1,15.8
2026-03-06,PRD0138,2146,902,1,15.0
2026-03-13,PRD0138,2359,1239,0,16.2
2026-03-20,PRD0138,2181,773,1,17.4
2026-03-27,PRD0138,2155,992,0,13.5
2026-04-03,PRD0138,1752,925,0,11.5
2026-04-10,PRD0138,1929,815,0,12.6
2026-04-17,PRD0138,1663,810,0,10.3
2026-04-24,PRD0138,1580,564,0,9.9
2026-05-01,PRD0138,1255,474,0,8.2
2026-05-08,PRD0138,1255,567,0,7.5
2026-05-15,PRD0138,1149,543,0,7.7
2026-05-22,PRD0138,1306,705,0,8.0
2026-05-29,PRD0138,1209,443,0,7.7
2026-06-05,PRD0138,1060,414,0,7.1
2026-06-12,PRD0138,1362,649,0,8.9
2026-06-19,PRD0138,1357,518,0,9.4
2026-06-26,PRD0138,1064,481,0,6.9
2025-11-17,PRD0139,1848,1006,3,18.0
2025-11-24,PRD0139,2027,1080,2,16.8
2025-12-01,PRD0139,2277,927,3,21.5
2025-12-08,PRD0139,2219,899,5,25.4
2025-12-15,PRD0139,1975,788,2,17.4
2025-12-22,PRD0139,1915,761,3,19.2
2025-12-29,PRD0139,2070,998,3,19.2
2026-01-05,PRD0139,2160,777,3,20.3
2026-01-12,PRD0139,2405,965,4,23.9
2026-01-19,PRD0139,2273,1119,2,19.1
2026-01-26,PRD0139,1835,642,2,15.2
2026-02-02,PRD0139,2267,1177,3,19.1
2026-02-09,PRD0139,1850,849,3,17.8
2026-02-16,PRD0139,2190,917,3,21.2
2026-02-23,PRD0139,2270,922,3,19.7
2026-03-02,PRD0139,1940,917,2,15.6
2026-03-09,PRD0139,2358,1057,4,22.0
2026-03-16,PRD0139,2086,881,4,19.9
2026-03-23,PRD0139,2428,1169,4,25.0
2026-03-30,PRD0139,1915,708,4,20.3
2026-04-06,PRD0139,2070,738,4,20.2
2026-04-13,PRD0139,1942,1000,3,18.6
2026-04-20,PRD0139,2140,965,3,20.7
2026-04-27,PRD0139,1806,902,3,17.5
2026-05-04,PRD0139,2367,1124,5,26.2
2026-05-11,PRD0139,1953,942,4,19.9
2026-05-18,PRD0139,2274,821,3,21.3
2026-05-25,PRD0139,2254,899,4,22.5
2026-06-01,PRD0139,1949,933,2,17.8
2026-06-08,PRD0139,2389,984,3,21.1
2026-06-15,PRD0139,2218,1062,4,21.5
2026-06-22,PRD0139,2270,996,3,21.1
2026-06-29,PRD0139,1840,1009,3,18.6
2025-05-22,PRD0140,2327,1161,3,20.1
2025-05-29,PRD0140,2233,1057,3,20.8
2025-06-05,PRD0140,2498,1166,5,24.2
2025-06-12,PRD0140,2324,969,4,22.0
2025-06-19,PRD0140,2271,1231,2,19.0
2025-06-26,PRD0140,2159,969,4,20.6
2025-07-03,PRD0140,2299,1036,4,22.3
2025-07-10,PRD0140,2401,980,5,27.1
2025-07-17,PRD0140,2432,1181,4,24.4
2025-07-24,PRD0140,2220,1057,4,23.2
2025-07-31,PRD0140,1870,860,3,16.7
2025-08-07,PRD0140,1877,935,2,16.9
2025-08-14,PRD0140,2294,1076,3,20.2
2025-08-21,PRD0140,2068,857,3,18.6
2025-08-28,PRD0140,2239,1121,2,19.0
2025-09-04,PRD0140,2149,1023,4,23.4
2025-09-11,PRD0140,1866,843,2,15.4
2025-09-18,PRD0140,2473,1120,4,22.7
2025-09-25,PRD0140,1959,754,4,21.8
2025-10-02,PRD0140,2049,1117,4,22.6
2025-10-09,PRD0140,2134,1047,2,17.2
2025-10-16,PRD0140,2195,1142,5,23.4
2025-10-23,PRD0140,2156,1007,2,17.5
2025-10-30,PRD0140,1975,777,4,19.7
2025-11-06,PRD0140,2475,1028,5,25.7
2025-11-13,PRD0140,2300,1117,4,21.7
2025-11-20,PRD0140,2449,1242,3,22.8
2025-11-27,PRD0140,2361,1077,4,21.5
2025-12-04,PRD0140,2293,806,4,23.0
2025-12-11,PRD0140,2250,903,3,20.4
2025-12-18,PRD0140,2163,835,3,21.3
2025-12-25,PRD0140,2145,1176,3,19.7
2026-01-01,PRD0140,1680,886,3,17.0
2026-01-08,PRD0140,1695,754,2,15.8
2026-01-15,PRD0140,1506,753,1,12.2
2026-01-22,PRD0140,1373,660,1,11.7
2026-01-29,PRD0140,1137,570,1,10.0
2026-02-05,PRD0140,1166,441,1,9.6
2026-02-12,PRD0140,1278,572,1,9.5
2026-02-19,PRD0140,1181,589,1,9.1
2026-02-26,PRD0140,1079,441,0,6.9
2026-03-05,PRD0140,962,467,1,7.8
2026-03-12,PRD0140,845,413,0,5.2
2026-03-19,PRD0140,951,353,0,5.9
2026-03-26,PRD0140,792,339,0,4.9
2026-04-02,PRD0140,661,273,0,4.5
2026-04-09,PRD0140,814,320,0,5.4
2026-04-16,PRD0140,578,309,0,3.5
2026-04-23,PRD0140,588,212,0,4.0
2026-04-30,PRD0140,637,330,0,4.0
2026-05-07,PRD0140,491,191,0,3.3
2026-05-14,PRD0140,482,258,0,3.3
2026-05-21,PRD0140,529,249,0,3.3
2026-05-28,PRD0140,542,272,0,3.6
2026-06-04,PRD0140,445,197,0,2.8
2026-06-11,PRD0140,433,218,0,3.0
2026-06-18,PRD0140,447,190,0,3.1
2026-06-25,PRD0140,388,150,0,2.5
2025-06-21,PRD0141,6459,2425,9,62.1
2025-06-28,PRD0141,8198,3217,11,74.8
2025-07-05,PRD0141,6785,3481,11,62.1
2025-07-12,PRD0141,6908,3464,15,71.7
2025-07-19,PRD0141,7154,3193,14,76.5
2025-07-26,PRD0141,8568,3900,12,80.6
2025-08-02,PRD0141,7187,3553,11,67.3
2025-08-09,PRD0141,6539,2858,15,70.3
2025-08-16,PRD0141,7598,2897,11,69.4
2025-08-23,PRD0141,8326,4064,13,79.3
2025-08-30,PRD0141,6406,3508,11,58.3
2025-09-06,PRD0141,7842,3948,14,82.7
2025-09-13,PRD0141,6746,3613,14,69.6
2025-09-20,PRD0141,6670,3473,12,66.7
2025-09-27,PRD0141,7187,3800,11,72.4
2025-10-04,PRD0141,7802,3199,18,84.6
2025-10-11,PRD0141,7836,4075,14,77.2
2025-10-18,PRD0141,7863,3256,13,72.4
2025-10-25,PRD0141,7513,2783,9,71.1
2025-11-01,PRD0141,8586,4635,17,82.8
2025-11-08,PRD0141,7572,4065,13,73.5
2025-11-15,PRD0141,7044,3783,11,62.3
2025-11-22,PRD0141,7867,3607,15,78.2
2025-11-29,PRD0141,6372,2232,14,69.3
2025-12-06,PRD0141,7873,3417,15,84.2
2025-12-13,PRD0141,6931,3118,8,58.0
2025-12-20,PRD0141,7539,3802,14,75.4
2025-12-27,PRD0141,6783,2895,13,68.3
2026-01-03,PRD0141,7089,3808,10,68.8
2026-01-10,PRD0141,7340,3660,12,68.1
2026-01-17,PRD0141,8483,3948,18,85.5
2026-01-24,PRD0141,8287,4048,19,86.3
2026-01-31,PRD0141,6605,3533,10,59.4
2026-02-07,PRD0141,7435,2909,16,79.5
2026-02-14,PRD0141,6994,2886,11,63.5
2026-02-21,PRD0141,7693,2705,17,76.8
2026-02-28,PRD0141,7409,3706,9,65.5
2026-03-07,PRD0141,8385,3880,11,71.0
2026-03-14,PRD0141,7145,3340,12,75.0
2026-03-21,PRD0141,7266,2566,13,75.3
2026-03-28,PRD0141,7059,2632,13,70.6
2026-04-04,PRD0141,7016,3826,10,64.5
2026-04-11,PRD0141,6807,2983,12,66.1
2026-04-18,PRD0141,7357,3015,15,79.2
2026-04-25,PRD0141,7124,3426,11,63.8
2026-05-02,PRD0141,6602,3144,12,71.0
2026-05-09,PRD0141,6940,3529,13,69.3
2026-05-16,PRD0141,8407,3351,15,79.8
2026-05-23,PRD0141,7421,3306,13,70.6
2026-05-30,PRD0141,7783,2847,11,69.5
2026-06-06,PRD0141,7368,3122,16,73.9
2026-06-13,PRD0141,8269,3920,19,94.4
2026-06-20,PRD0141,8214,3645,13,79.9
2026-06-27,PRD0141,7847,4077,11,75.0
2026-03-10,PRD0142,6442,2331,11,61.6
2026-03-17,PRD0142,6109,2419,8,54.2
2026-03-24,PRD0142,6662,2421,7,55.2
2026-03-31,PRD0142,5524,2883,8,51.3
2026-04-07,PRD0142,4936,1958,7,48.6
2026-04-14,PRD0142,5561,2320,5,48.6
2026-04-21,PRD0142,5000,2362,5,45.1
2026-04-28,PRD0142,4689,1660,4,40.1
2026-05-05,PRD0142,4436,1659,3,32.0
2026-05-12,PRD0142,3843,1828,3,30.8
2026-05-19,PRD0142,3280,1608,2,24.0
2026-05-26,PRD0142,3411,1226,3,27.8
2026-06-02,PRD0142,3569,1766,3,30.6
2026-06-09,PRD0142,3080,1482,2,23.9
2026-06-16,PRD0142,2637,928,2,19.6
2026-06-23,PRD0142,2430,1027,0,16.3
2026-06-30,PRD0142,2186,1031,1,17.4
2025-08-06,PRD0143,6355,2258,8,60.7
2025-08-13,PRD0143,6071,2987,12,59.5
2025-08-20,PRD0143,5619,2470,7,48.5
2025-08-27,PRD0143,5411,2253,8,47.5
2025-09-03,PRD0143,5611,2524,7,49.7
2025-09-10,PRD0143,5351,2462,11,58.2
2025-09-17,PRD0143,6382,2443,13,64.9
2025-09-24,PRD0143,5152,2709,11,57.9
2025-10-01,PRD0143,5804,2071,10,57.2
2025-10-08,PRD0143,5005,2081,7,44.1
2025-10-15,PRD0143,5963,2089,8,53.5
2025-10-22,PRD0143,6082,2709,10,56.5
2025-10-29,PRD0143,6084,2580,12,65.3
2025-11-05,PRD0143,6708,2816,14,74.7
2025-11-12,PRD0143,5713,2474,8,55.0
2025-11-19,PRD0143,5935,2454,11,60.5
2025-11-26,PRD0143,6369,3283,9,62.3
2025-12-03,PRD0143,5910,2462,10,61.3
2025-12-10,PRD0143,5973,2276,9,60.4
2025-12-17,PRD0143,6003,2473,8,51.3
2025-12-24,PRD0143,5418,2839,9,50.3
2025-12-31,PRD0143,5055,2737,8,46.3
2026-01-07,PRD0143,5711,2296,13,59.6
2026-01-14,PRD0143,6509,3291,13,72.1
2026-01-21,PRD0143,5738,2194,10,56.1
2026-01-28,PRD0143,6167,2215,10,59.4
2026-02-04,PRD0143,6747,2833,10,66.1
2026-02-11,PRD0143,6288,3148,10,56.7
2026-02-18,PRD0143,4998,2692,10,53.3
2026-02-25,PRD0143,5771,3058,7,54.9
2026-03-04,PRD0143,5510,2125,11,59.9
2026-03-11,PRD0143,5932,2805,10,54.2
2026-03-18,PRD0143,6099,3247,13,65.3
2026-03-25,PRD0143,5259,2201,9,53.8
2026-04-01,PRD0143,6374,3033,8,52.8
2026-04-08,PRD0143,5500,2050,11,53.6
2026-04-15,PRD0143,5097,2259,11,56.8
2026-04-22,PRD0143,6014,2245,9,56.8
2026-04-29,PRD0143,5202,2618,11,51.7
2026-05-06,PRD0143,6112,2908,14,62.8
2026-05-13,PRD0143,6134,2167,9,58.9
2026-05-20,PRD0143,5620,2014,12,58.2
2026-05-27,PRD0143,5965,2128,11,61.0
2026-06-03,PRD0143,5222,2326,8,52.5
2026-06-10,PRD0143,6090,2176,12,61.1
2026-06-17,PRD0143,6384,3030,10,62.4
2026-06-24,PRD0143,6295,3276,12,64.4
2025-04-28,PRD0144,4295,2085,9,44.7
2025-05-05,PRD0144,5075,2185,9,53.4
2025-05-12,PRD0144,4689,1946,8,47.8
2025-05-19,PRD0144,4958,2254,7,44.8
2025-05-26,PRD0144,5403,2726,12,60.0
2025-06-02,PRD0144,4624,2216,10,50.4
2025-06-09,PRD0144,5474,2361,11,58.5
2025-06-16,PRD0144,4287,1535,5,36.8
2025-06-23,PRD0144,5119,2762,9,49.1
2025-06-30,PRD0144,5688,3017,10,58.7
2025-07-07,PRD0144,5428,2352,10,57.7
2025-07-14,PRD0144,4390,1545,8,41.5
2025-07-21,PRD0144,4888,2262,8,47.0
2025-07-28,PRD0144,4344,2236,10,47.7
2025-08-04,PRD0144,4407,1893,7,42.5
2025-08-11,PRD0144,5073,2001,6,47.1
2025-08-18,PRD0144,5050,2151,6,42.3
2025-08-25,PRD0144,4378,1580,7,41.0
2025-09-01,PRD0144,5620,2399,7,49.7
2025-09-08,PRD0144,4401,2302,6,37.9
2025-09-15,PRD0144,4894,2293,8,45.0
2025-09-22,PRD0144,5530,2805,12,60.1
2025-09-29,PRD0144,5621,2857,11,61.9
2025-10-06,PRD0144,4964,2098,9,50.8
2025-10-13,PRD0144,5202,2462,9,51.1
2025-10-20,PRD0144,4580,1804,9,49.3
2025-10-27,PRD0144,4375,1902,9,43.7
2025-11-03,PRD0144,5636,2904,8,55.5
2025-11-10,PRD0144,4612,1694,7,40.5
2025-11-17,PRD0144,4630,2329,7,43.3
2025-11-24,PRD0144,4659,1952,9,49.6
2025-12-01,PRD0144,4449,2360,7,43.2
2025-12-08,PRD0144,5323,2256,6,47.5
2025-12-15,PRD0144,5091,2681,11,58.2
2025-12-22,PRD0144,5456,2518,8,51.1
2025-12-29,PRD0144,5472,2062,10,57.7
2026-01-05,PRD0144,5442,2388,10,58.5
2026-01-12,PRD0144,5334,2200,7,48.1
2026-01-19,PRD0144,4857,2384,8,48.3
2026-01-26,PRD0144,4415,1930,9,49.0
2026-02-02,PRD0144,4239,1628,8,41.1
2026-02-09,PRD0144,4520,1722,7,42.3
2026-02-16,PRD0144,5067,1918,11,56.2
2026-02-23,PRD0144,5476,2144,8,48.2
2026-03-02,PRD0144,5262,2204,11,56.3
2026-03-09,PRD0144,4760,2551,10,51.4
2026-03-16,PRD0144,5389,2819,8,49.6
2026-03-23,PRD0144,5583,2516,7,53.0
2026-03-30,PRD0144,5202,2367,7,43.9
2026-04-06,PRD0144,4468,1627,7,40.8
2026-04-13,PRD0144,4283,2067,8,41.5
2026-04-20,PRD0144,5026,1864,10,49.4
2026-04-27,PRD0144,4936,2173,7,48.4
2026-05-04,PRD0144,4422,1943,9,45.9
2026-05-11,PRD0144,4883,2309,11,55.6
2026-05-18,PRD0144,5519,2572,12,61.7
2026-05-25,PRD0144,5037,2212,10,54.3
2026-06-01,PRD0144,5106,1941,9,48.9
2026-06-08,PRD0144,5147,2611,7,47.0
2026-06-15,PRD0144,5187,2328,12,60.0
2026-06-22,PRD0144,5356,2306,9,54.1
2026-06-29,PRD0144,5136,2698,11,53.4
2025-01-27,PRD0145,3976,2105,7,37.7
2025-02-03,PRD0145,3448,1338,5,34.2
2025-02-10,PRD0145,4047,1583,5,35.8
2025-02-17,PRD0145,3252,1296,4,27.6
2025-02-24,PRD0145,4012,1582,5,36.7
2025-03-03,PRD0145,4143,2000,9,41.7
2025-03-10,PRD0145,3253,1397,4,30.4
2025-03-17,PRD0145,3414,1483,6,35.8
2025-03-24,PRD0145,4229,1667,7,42.4
2025-03-31,PRD0145,4279,2049,7,39.5
2025-04-07,PRD0145,3361,1361,7,37.6
2025-04-14,PRD0145,3878,1779,5,34.9
2025-04-21,PRD0145,3532,1297,5,34.2
2025-04-28,PRD0145,3259,1386,5,30.9
2025-05-05,PRD0145,4201,1668,6,36.4
2025-05-12,PRD0145,3688,1991,6,38.4
2025-05-19,PRD0145,3434,1300,7,35.9
2025-05-26,PRD0145,3964,1491,9,46.4
2025-06-02,PRD0145,3354,1698,8,35.4
2025-06-09,PRD0145,4329,1884,8,46.7
2025-06-16,PRD0145,4121,1720,9,41.8
2025-06-23,PRD0145,3304,1347,4,30.9
2025-06-30,PRD0145,4041,1815,7,39.3
2025-07-07,PRD0145,3803,1379,6,37.0
2025-07-14,PRD0145,2897,1567,4,26.3
2025-07-21,PRD0145,3378,1327,4,31.0
2025-07-28,PRD0145,3011,1615,2,21.8
2025-08-04,PRD0145,2615,1017,3,24.5
2025-08-11,PRD0145,2230,868,1,16.7
2025-08-18,PRD0145,2539,901,1,19.4
2025-08-25,PRD0145,2041,876,1,14.1
2025-09-01,PRD0145,2009,817,1,15.8
2025-09-08,PRD0145,1804,820,1,13.7
2025-09-15,PRD0145,1533,678,1,12.6
2025-09-22,PRD0145,1429,724,0,8.8
2025-09-29,PRD0145,1558,845,0,9.4
2025-10-06,PRD0145,1427,692,0,9.9
2025-10-13,PRD0145,1290,679,0,8.6
2025-10-20,PRD0145,1169,481,0,7.5
2025-10-27,PRD0145,1079,513,0,6.7
2025-11-03,PRD0145,1122,441,0,7.4
2025-11-10,PRD0145,965,405,0,6.4
2025-11-17,PRD0145,852,454,0,5.6
2025-11-24,PRD0145,718,357,0,5.0
2025-12-01,PRD0145,682,264,0,4.2
2025-12-08,PRD0145,645,255,0,4.2
2025-12-15,PRD0145,642,251,0,4.3
2025-12-22,PRD0145,661,266,0,4.0
2025-12-29,PRD0145,523,247,0,3.6
2026-01-05,PRD0145,517,268,0,3.6
2026-01-12,PRD0145,550,268,0,3.8
2026-01-19,PRD0145,507,216,0,3.2
2026-01-26,PRD0145,501,180,0,3.1
2026-02-02,PRD0145,496,182,0,3.3
2026-02-09,PRD0145,539,287,0,3.4
2026-02-16,PRD0145,599,278,0,3.6
2026-02-23,PRD0145,487,252,0,3.1
2026-03-02,PRD0145,621,246,0,4.2
2026-03-09,PRD0145,547,231,0,3.5
2026-03-16,PRD0145,530,210,0,3.3
2026-03-23,PRD0145,644,293,0,4.2
2026-03-30,PRD0145,553,229,0,3.4
2026-04-06,PRD0145,650,275,0,4.2
2026-04-13,PRD0145,536,192,0,3.5
2026-04-20,PRD0145,507,227,0,3.5
2026-04-27,PRD0145,569,289,0,3.5
2026-05-04,PRD0145,539,238,0,3.6
2026-05-11,PRD0145,643,301,0,4.1
2026-05-18,PRD0145,632,233,0,4.0
2026-05-25,PRD0145,501,201,0,3.1
2026-06-01,PRD0145,623,256,0,3.9
2026-06-08,PRD0145,522,278,0,3.4
2026-06-15,PRD0145,565,292,0,3.4
2026-06-22,PRD0145,485,209,0,3.1
2026-06-29,PRD0145,597,273,0,4.1
2025-11-13,PRD0146,5899,2073,7,55.8
2025-11-20,PRD0146,5701,2557,12,56.6
2025-11-27,PRD0146,5581,2069,11,53.6
2025-12-04,PRD0146,5726,2148,8,50.6
2025-12-11,PRD0146,5701,3081,11,59.9
2025-12-18,PRD0146,6412,2282,9,57.6
2025-12-25,PRD0146,6669,2811,14,68.0
2026-01-01,PRD0146,5584,2590,11,60.9
2026-01-08,PRD0146,7338,3905,11,65.2
2026-01-15,PRD0146,6302,2277,14,67.6
2026-01-22,PRD0146,7123,2704,11,63.8
2026-01-29,PRD0146,7221,2824,15,72.3
2026-02-05,PRD0146,7397,3635,16,83.4
2026-02-12,PRD0146,6019,3308,9,54.9
2026-02-19,PRD0146,6296,2753,9,60.7
2026-02-26,PRD0146,5809,2298,12,62.5
2026-03-05,PRD0146,7269,3826,9,60.5
2026-03-12,PRD0146,5679,3033,8,48.9
2026-03-19,PRD0146,6536,3528,12,64.3
2026-03-26,PRD0146,6749,2818,9,59.3
2026-04-02,PRD0146,6869,2941,9,65.5
2026-04-09,PRD0146,6490,2822,10,64.2
2026-04-16,PRD0146,5980,3225,12,60.1
2026-04-23,PRD0146,7070,2488,8,59.9
2026-04-30,PRD0146,7126,2641,14,70.4
2026-05-07,PRD0146,7436,3983,9,63.1
2026-05-14,PRD0146,6839,3270,14,75.0
2026-05-21,PRD0146,6758,3388,8,59.5
2026-05-28,PRD0146,6692,3257,13,69.2
2026-06-04,PRD0146,6649,3237,10,65.1
2026-06-11,PRD0146,5629,2597,11,55.6
2026-06-18,PRD0146,5551,2061,11,58.7
2026-06-25,PRD0146,7410,3540,13,77.3
2025-11-07,PRD0147,2904,1171,4,28.7
2025-11-14,PRD0147,3461,1804,6,33.8
2025-11-21,PRD0147,3247,1158,6,32.8
2025-11-28,PRD0147,3017,1560,4,26.3
2025-12-05,PRD0147,3306,1713,5,33.0
2025-12-12,PRD0147,2723,1488,5,26.2
2025-12-19,PRD0147,2695,1434,3,22.7
2025-12-26,PRD0147,3053,1417,5,30.3
2026-01-02,PRD0147,3374,1422,6,32.7
2026-01-09,PRD0147,3422,1839,4,29.4
2026-01-16,PRD0147,3548,1350,4,29.8
2026-01-23,PRD0147,3367,1441,6,33.1
2026-01-30,PRD0147,2871,1509,5,30.1
2026-02-06,PRD0147,2949,1283,5,27.1
2026-02-13,PRD0147,3004,1213,6,32.3
2026-02-20,PRD0147,3549,1693,8,38.0
2026-02-27,PRD0147,3376,1527,7,36.2
2026-03-06,PRD0147,3159,1442,6,33.0
2026-03-13,PRD0147,3049,1554,3,24.2
2026-03-20,PRD0147,3584,1843,6,35.4
2026-03-27,PRD0147,3247,1706,4,30.4
2026-04-03,PRD0147,2828,1126,3,23.6
2026-04-10,PRD0147,3136,1183,3,27.0
2026-04-17,PRD0147,3464,1572,5,33.5
2026-04-24,PRD0147,3082,1340,6,32.7
2026-05-01,PRD0147,3582,1440,5,34.5
2026-05-08,PRD0147,3146,1546,4,27.0
2026-05-15,PRD0147,3292,1305,5,30.0
2026-05-22,PRD0147,3535,1308,8,39.9
2026-05-29,PRD0147,2688,1076,3,23.7
2026-06-05,PRD0147,3524,1417,5,32.7
2026-06-12,PRD0147,2739,1346,4,25.0
2026-06-19,PRD0147,3601,1737,8,36.8
2026-06-26,PRD0147,3583,1822,5,34.9
2026-01-21,PRD0148,3799,2018,8,40.8
2026-01-28,PRD0148,3490,1813,7,36.3
2026-02-04,PRD0148,3762,2044,7,37.5
2026-02-11,PRD0148,3832,1480,5,35.1
2026-02-18,PRD0148,3594,1417,7,34.7
2026-02-25,PRD0148,4148,2102,5,37.2
2026-03-04,PRD0148,3191,1321,4,30.2
2026-03-11,PRD0148,3178,1529,4,26.4
2026-03-18,PRD0148,3457,1467,7,33.6
2026-03-25,PRD0148,4047,1744,7,42.8
2026-04-01,PRD0148,4008,2054,8,44.1
2026-04-08,PRD0148,3284,1240,6,31.4
2026-04-15,PRD0148,4034,2143,7,41.6
2026-04-22,PRD0148,3670,1520,7,39.3
2026-04-29,PRD0148,3163,1592,6,32.6
2026-05-06,PRD0148,3324,1715,4,29.3
2026-05-13,PRD0148,4174,2274,7,40.4
2026-05-20,PRD0148,3665,1634,5,32.2
2026-05-27,PRD0148,4178,1816,9,45.1
2026-06-03,PRD0148,3251,1560,5,31.4
2026-06-10,PRD0148,3983,1560,5,33.5
2026-06-17,PRD0148,3351,1793,7,34.4
2026-06-24,PRD0148,3879,1780,8,42.7
2025-03-28,PRD0149,5624,2190,11,62.3
2025-04-04,PRD0149,5453,2716,8,48.1
2025-04-11,PRD0149,5095,1996,6,43.1
2025-04-18,PRD0149,5167,1983,11,53.5
2025-04-25,PRD0149,4775,2489,10,46.8
2025-05-02,PRD0149,5258,2084,8,50.9
2025-05-09,PRD0149,5569,2094,8,49.9
2025-05-16,PRD0149,5929,2866,12,57.4
2025-05-23,PRD0149,5649,2179,11,55.8
2025-05-30,PRD0149,6377,2305,14,71.2
2025-06-06,PRD0149,5615,2517,10,56.5
2025-06-13,PRD0149,5000,2090,8,47.0
2025-06-20,PRD0149,5497,3014,9,51.6
2025-06-27,PRD0149,5258,2733,12,55.1
2025-07-04,PRD0149,4778,2409,7,44.1
2025-07-11,PRD0149,6210,2249,14,69.7
2025-07-18,PRD0149,5078,2696,6,45.2
2025-07-25,PRD0149,6368,3144,12,69.8
2025-08-01,PRD0149,6372,2982,10,58.3
2025-08-08,PRD0149,5715,2560,11,61.7
2025-08-15,PRD0149,5149,1860,9,52.0
2025-08-22,PRD0149,6344,2231,14,68.4
2025-08-29,PRD0149,5775,2265,9,57.7
2025-09-05,PRD0149,5691,2992,12,58.4
2025-09-12,PRD0149,6256,2836,7,51.3
2025-09-19,PRD0149,4884,1887,7,48.7
2025-09-26,PRD0149,5221,2139,9,54.9
2025-10-03,PRD0149,5129,2164,11,53.3
2025-10-10,PRD0149,6003,3235,13,65.1
2025-10-17,PRD0149,5733,2390,13,61.5
2025-10-24,PRD0149,6249,2738,12,60.4
2025-10-31,PRD0149,6081,3328,13,67.4
2025-11-07,PRD0149,4780,2003,8,47.8
2025-11-14,PRD0149,5732,2977,9,58.8
2025-11-21,PRD0149,5258,2808,9,52.3
2025-11-28,PRD0149,5979,3036,13,64.6
2025-12-05,PRD0149,6058,3252,9,55.4
2025-12-12,PRD0149,5267,2585,12,59.8
2025-12-19,PRD0149,5922,2996,12,61.4
2025-12-26,PRD0149,5214,2018,12,55.2
2026-01-02,PRD0149,6268,2990,14,73.0
2026-01-09,PRD0149,6259,3346,12,63.3
2026-01-16,PRD0149,6053,2458,11,57.7
2026-01-23,PRD0149,4918,2108,8,46.2
2026-01-30,PRD0149,5950,2891,7,56.2
2026-02-06,PRD0149,4842,2551,10,47.7
2026-02-13,PRD0149,6179,2594,12,59.2
2026-02-20,PRD0149,5773,2042,7,49.2
2026-02-27,PRD0149,6032,3261,9,56.9
2026-03-06,PRD0149,4732,1702,5,39.2
2026-03-13,PRD0149,4760,2344,7,43.6
2026-03-20,PRD0149,5762,2460,12,58.9
2026-03-27,PRD0149,6336,3243,10,59.4
2026-04-03,PRD0149,4755,2609,8,47.3
2026-04-10,PRD0149,6156,2642,8,55.1
2026-04-17,PRD0149,4824,2620,8,48.4
2026-04-24,PRD0149,5727,2850,7,50.9
2026-05-01,PRD0149,5007,2646,10,51.1
2026-05-08,PRD0149,5018,2416,6,45.5
2026-05-15,PRD0149,5337,2220,6,44.5
2026-05-22,PRD0149,5287,1873,11,59.5
2026-05-29,PRD0149,4841,2175,6,42.7
2026-06-05,PRD0149,5181,2797,9,53.3
2026-06-12,PRD0149,5926,2533,8,56.4
2026-06-19,PRD0149,6081,2889,12,66.7
2026-06-26,PRD0149,6018,2294,9,57.4
2026-03-11,PRD0150,5611,2308,8,51.4
2026-03-18,PRD0150,5359,2282,7,47.5
2026-03-25,PRD0150,5477,2905,6,48.6
2026-04-01,PRD0150,5193,2054,6,47.4
2026-04-08,PRD0150,5215,2654,8,50.5
2026-04-15,PRD0150,4636,2253,6,44.6
2026-04-22,PRD0150,4295,2174,4,36.9
2026-04-29,PRD0150,3399,1773,4,29.0
2026-05-06,PRD0150,4065,2229,2,28.0
2026-05-13,PRD0150,3274,1702,3,26.1
2026-05-20,PRD0150,3494,1778,2,27.6
2026-05-27,PRD0150,3228,1454,2,25.4
2026-06-03,PRD0150,2509,1077,1,19.1
2026-06-10,PRD0150,2329,1081,2,18.9
2026-06-17,PRD0150,2098,1093,1,15.7
2026-06-24,PRD0150,2129,925,1,16.0
